filename,shape_type,target,center_x,center_y,size,color,quadrant,row,column,num_distractors,num_images,distractor_color,color_bin_index,rotation_angle,bin_group
image_0.png,2,True,521.9282943345249,103.56912073771402,20,#FF0000,Quadrant 2,1,2,82,15,#FF0000,0,40.07918453964494,6
image_0.png,5,False,81.61917638216866,290.97240748438145,20,#FF0000,Quadrant 3,2,1,82,,#FF0000,0,50.233654269051804,6
image_0.png,5,False,417.8493410773883,23.013852844114197,20,#FF0000,Quadrant 2,1,2,82,,#FF0000,0,196.3319521494059,6
image_0.png,5,False,171.30335554621956,238.56307958089258,20,#FF0000,Quadrant 3,2,1,82,,#FF0000,0,33.73028635017328,6
image_0.png,5,False,504.33751330353596,276.1008400171092,20,#FF0000,Quadrant 4,2,2,82,,#FF0000,0,202.04822265790068,6
image_0.png,5,False,320.50503288957515,116.15608771119051,20,#FF0000,Quadrant 1,1,1,82,,#FF0000,0,151.02713554619714,6
image_0.png,5,False,533.8182759524096,71.35122159046446,20,#FF0000,Quadrant 2,1,2,82,,#FF0000,0,312.94811548545624,6
image_0.png,5,False,202.45335441176124,92.38860207666856,20,#FF0000,Quadrant 1,1,1,82,,#FF0000,0,152.1411833352609,6
image_0.png,5,False,81.42288052217576,154.61251964091352,20,#FF0000,Quadrant 1,1,1,82,,#FF0000,0,274.8578864423486,6
image_0.png,5,False,247.9854927880111,110.98888780992094,20,#FF0000,Quadrant 1,1,1,82,,#FF0000,0,129.2325769744662,6
image_0.png,5,False,327.5437420938995,58.184289558513136,20,#FF0000,Quadrant 1,1,1,82,,#FF0000,0,15.642159452314988,6
image_0.png,5,False,65.29333647605768,121.82139037188112,20,#FF0000,Quadrant 1,1,1,82,,#FF0000,0,332.0263339301376,6
image_0.png,5,False,621.0762543284599,147.69803989111713,20,#FF0000,Quadrant 2,1,2,82,,#FF0000,0,226.31032781799962,6
image_0.png,5,False,58.923497539557495,260.95753441859443,20,#FF0000,Quadrant 3,2,1,82,,#FF0000,0,69.22389249239757,6
image_0.png,5,False,689.8176277352621,334.31009854372553,20,#FF0000,Quadrant 4,2,2,82,,#FF0000,0,278.3046026839291,6
image_0.png,5,False,272.90696905198547,182.38909429526862,20,#FF0000,Quadrant 1,1,1,82,,#FF0000,0,311.93412003189707,6
image_0.png,5,False,123.06867294054243,145.29232468600313,20,#FF0000,Quadrant 1,1,1,82,,#FF0000,0,300.2797535906701,6
image_0.png,5,False,448.50004056777453,212.90487351722962,20,#FF0000,Quadrant 4,2,2,82,,#FF0000,0,25.704903448277395,6
image_0.png,5,False,485.14358936055277,94.01453576076167,20,#FF0000,Quadrant 2,1,2,82,,#FF0000,0,333.1408246636384,6
image_0.png,5,False,540.3680549611445,32.14454417362933,20,#FF0000,Quadrant 2,1,2,82,,#FF0000,0,116.74178438951587,6
image_0.png,5,False,565.6765567313666,162.64028949444034,20,#FF0000,Quadrant 2,1,2,82,,#FF0000,0,295.848933842451,6
image_0.png,5,False,640.1507895638405,225.39405945887384,20,#FF0000,Quadrant 4,2,2,82,,#FF0000,0,23.827897876157003,6
image_0.png,5,False,157.49968885330287,199.70941608808081,20,#FF0000,Quadrant 1,1,1,82,,#FF0000,0,258.44913745883133,6
image_0.png,5,False,453.9249385680923,65.00546118709968,20,#FF0000,Quadrant 2,1,2,82,,#FF0000,0,318.4859353992129,6
image_0.png,5,False,524.297408661117,214.73341549423577,20,#FF0000,Quadrant 4,2,2,82,,#FF0000,0,50.26691502918227,6
image_0.png,5,False,306.1909070059654,231.57544562945805,20,#FF0000,Quadrant 3,2,1,82,,#FF0000,0,268.9249721948128,6
image_0.png,5,False,698.1574610345319,63.28939956874352,20,#FF0000,Quadrant 2,1,2,82,,#FF0000,0,130.31871973689994,6
image_0.png,5,False,531.7339065407454,336.49689985399965,20,#FF0000,Quadrant 4,2,2,82,,#FF0000,0,177.66570056026717,6
image_0.png,5,False,121.22759918676822,268.2218987016116,20,#FF0000,Quadrant 3,2,1,82,,#FF0000,0,55.02287496537398,6
image_0.png,5,False,276.1046777437305,236.24582592050643,20,#FF0000,Quadrant 3,2,1,82,,#FF0000,0,214.70725106351057,6
image_0.png,5,False,479.7152696667413,54.30055884783355,20,#FF0000,Quadrant 2,1,2,82,,#FF0000,0,339.2751100967315,6
image_0.png,5,False,528.354803918619,301.5303209445146,20,#FF0000,Quadrant 4,2,2,82,,#FF0000,0,318.5238420464792,6
image_0.png,5,False,441.83183336726165,329.15101360919255,20,#FF0000,Quadrant 4,2,2,82,,#FF0000,0,38.30789620717379,6
image_0.png,5,False,148.04974911590105,152.33943627945393,20,#FF0000,Quadrant 1,1,1,82,,#FF0000,0,182.7586375119483,6
image_0.png,5,False,667.9613261332634,359.68008247370784,20,#FF0000,Quadrant 4,2,2,82,,#FF0000,0,58.15765287113522,6
image_0.png,5,False,423.6728186930978,195.6929576349423,20,#FF0000,Quadrant 2,1,2,82,,#FF0000,0,330.6576579824528,6
image_0.png,5,False,261.0937485876632,383.45148124076104,20,#FF0000,Quadrant 3,2,1,82,,#FF0000,0,40.27238111552222,6
image_0.png,5,False,175.98264182292252,102.04946194505412,20,#FF0000,Quadrant 1,1,1,82,,#FF0000,0,290.4389297269663,6
image_0.png,5,False,684.8313161436832,212.36293208215693,20,#FF0000,Quadrant 4,2,2,82,,#FF0000,0,293.76837123123187,6
image_0.png,5,False,465.5683168729361,368.9088009284865,20,#FF0000,Quadrant 4,2,2,82,,#FF0000,0,45.273784147358874,6
image_0.png,5,False,374.567239531177,240.29250080843374,20,#FF0000,Quadrant 4,2,2,82,,#FF0000,0,59.44570523068596,6
image_0.png,5,False,651.0213966784999,296.4902443283345,20,#FF0000,Quadrant 4,2,2,82,,#FF0000,0,347.17064616268385,6
image_0.png,5,False,502.22184227237494,161.8190893990282,20,#FF0000,Quadrant 2,1,2,82,,#FF0000,0,248.3523475558637,6
image_0.png,5,False,268.2867262426834,351.05412399503336,20,#FF0000,Quadrant 3,2,1,82,,#FF0000,0,241.8073054697819,6
image_0.png,5,False,181.80696781587946,35.201788811358384,20,#FF0000,Quadrant 1,1,1,82,,#FF0000,0,162.5350109008067,6
image_0.png,5,False,32.6435280985295,135.9019688724285,20,#FF0000,Quadrant 1,1,1,82,,#FF0000,0,24.264118119710698,6
image_0.png,5,False,202.87083487157287,194.4866806788855,20,#FF0000,Quadrant 1,1,1,82,,#FF0000,0,185.09620313109207,6
image_0.png,5,False,509.38991789198894,344.5408024031988,20,#FF0000,Quadrant 4,2,2,82,,#FF0000,0,194.12421530211165,6
image_0.png,5,False,294.2494681982695,337.53029088371,20,#FF0000,Quadrant 3,2,1,82,,#FF0000,0,127.54712397223938,6
image_0.png,5,False,461.2308314151304,255.2559459895041,20,#FF0000,Quadrant 4,2,2,82,,#FF0000,0,19.501627403581384,6
image_0.png,5,False,62.94018808988537,316.4324085085836,20,#FF0000,Quadrant 3,2,1,82,,#FF0000,0,314.81494346540876,6
image_0.png,5,False,21.16816312550322,46.253329397489985,20,#FF0000,Quadrant 1,1,1,82,,#FF0000,0,194.61165771610982,6
image_0.png,5,False,173.86546898326537,164.62451390603442,20,#FF0000,Quadrant 1,1,1,82,,#FF0000,0,271.28358144708324,6
image_0.png,5,False,606.7441214868185,352.12340316298736,20,#FF0000,Quadrant 4,2,2,82,,#FF0000,0,173.28903046957421,6
image_0.png,5,False,12.48505568413281,158.57942436819337,20,#FF0000,Quadrant 1,1,1,82,,#FF0000,0,59.26936370454967,6
image_0.png,5,False,551.9541268311498,118.82420854193587,20,#FF0000,Quadrant 2,1,2,82,,#FF0000,0,333.54650648136,6
image_0.png,5,False,346.316602629833,82.78139382716684,20,#FF0000,Quadrant 1,1,1,82,,#FF0000,0,238.27367230226827,6
image_0.png,5,False,51.29498819302929,289.1086535822584,20,#FF0000,Quadrant 3,2,1,82,,#FF0000,0,78.37232342910298,6
image_0.png,5,False,227.07371393134346,29.953803485774447,20,#FF0000,Quadrant 1,1,1,82,,#FF0000,0,21.944725731545695,6
image_0.png,5,False,360.8938344284653,332.8074821400779,20,#FF0000,Quadrant 4,2,2,82,,#FF0000,0,20.476648702326425,6
image_0.png,5,False,400.44135052857763,130.58780177920283,20,#FF0000,Quadrant 2,1,2,82,,#FF0000,0,236.6543392101081,6
image_0.png,5,False,472.4411966164123,129.76150013672776,20,#FF0000,Quadrant 2,1,2,82,,#FF0000,0,93.87565041730782,6
image_0.png,5,False,381.4301044260212,202.2244143504333,20,#FF0000,Quadrant 4,2,2,82,,#FF0000,0,35.993249612851855,6
image_0.png,5,False,251.4670872905509,37.00311671468728,20,#FF0000,Quadrant 1,1,1,82,,#FF0000,0,47.68436533192823,6
image_0.png,5,False,219.4343115124551,382.8965512750603,20,#FF0000,Quadrant 3,2,1,82,,#FF0000,0,195.55846641417125,6
image_0.png,5,False,375.4401372029641,263.45229100335655,20,#FF0000,Quadrant 4,2,2,82,,#FF0000,0,290.55597957545126,6
image_0.png,5,False,652.9799111714574,50.15569772508395,20,#FF0000,Quadrant 2,1,2,82,,#FF0000,0,199.656821696284,6
image_0.png,5,False,193.21701990463097,347.31140324815806,20,#FF0000,Quadrant 3,2,1,82,,#FF0000,0,316.1257073904932,6
image_0.png,5,False,118.10360983496842,117.50387061108404,20,#FF0000,Quadrant 1,1,1,82,,#FF0000,0,267.2700062331595,6
image_0.png,5,False,247.2445182895552,270.87391468690294,20,#FF0000,Quadrant 3,2,1,82,,#FF0000,0,75.8266757304995,6
image_0.png,5,False,359.2268410295132,105.92383328241998,20,#FF0000,Quadrant 2,1,2,82,,#FF0000,0,307.04861354108306,6
image_0.png,5,False,497.2048708176336,223.02279488485414,20,#FF0000,Quadrant 4,2,2,82,,#FF0000,0,159.0607842699062,6
image_0.png,5,False,662.1400970031343,272.2054177797213,20,#FF0000,Quadrant 4,2,2,82,,#FF0000,0,40.274597012160605,6
image_0.png,5,False,307.1230451748517,26.811308387828262,20,#FF0000,Quadrant 1,1,1,82,,#FF0000,0,198.90903482819914,6
image_0.png,5,False,681.9737085970921,294.30253701225786,20,#FF0000,Quadrant 4,2,2,82,,#FF0000,0,314.8965804747928,6
image_0.png,5,False,174.11202190602813,72.4256679639658,20,#FF0000,Quadrant 1,1,1,82,,#FF0000,0,333.2749761250404,6
image_0.png,5,False,472.56601207956754,288.8517496769372,20,#FF0000,Quadrant 4,2,2,82,,#FF0000,0,148.21673995855932,6
image_0.png,5,False,37.68125468172686,188.92082797050435,20,#FF0000,Quadrant 1,1,1,82,,#FF0000,0,137.71502013489635,6
image_0.png,5,False,643.8133599471221,143.17088444055724,20,#FF0000,Quadrant 2,1,2,82,,#FF0000,0,71.84621880927068,6
image_0.png,5,False,611.3415717096126,95.26510084379579,20,#FF0000,Quadrant 2,1,2,82,,#FF0000,0,295.3930971497623,6
image_0.png,5,False,285.5430592311358,116.31195706669548,20,#FF0000,Quadrant 1,1,1,82,,#FF0000,0,237.61194578950642,6
image_0.png,5,False,479.18798355022165,329.90391971684653,20,#FF0000,Quadrant 4,2,2,82,,#FF0000,0,183.38604319009346,6
image_0.png,5,False,30.016768697429132,342.52051957556176,20,#FF0000,Quadrant 3,2,1,82,,#FF0000,0,119.21395255718654,6
image_1.png,2,True,674.1861435597117,111.34628503368214,20,#FF0000,Quadrant 2,1,2,34,15,#FF0000,0,64.28441382208692,5
image_1.png,5,False,310.41442965103994,286.3900329267222,20,#FF0000,Quadrant 3,2,1,34,,#FF0000,0,39.024916997295996,5
image_1.png,5,False,428.6778999279327,204.3179165550627,20,#FF0000,Quadrant 4,2,2,34,,#FF0000,0,112.92383311019684,5
image_1.png,5,False,408.2691619691571,107.28510732038397,20,#FF0000,Quadrant 2,1,2,34,,#FF0000,0,138.6703560041018,5
image_1.png,5,False,12.165290692635702,360.86741255865326,20,#FF0000,Quadrant 3,2,1,34,,#FF0000,0,255.1627021803014,5
image_1.png,5,False,506.68726941079854,291.4571294233221,20,#FF0000,Quadrant 4,2,2,34,,#FF0000,0,193.8427189534051,5
image_1.png,5,False,261.948594057291,37.45010060574525,20,#FF0000,Quadrant 1,1,1,34,,#FF0000,0,241.42626159587982,5
image_1.png,5,False,238.50782483334893,129.66011383205995,20,#FF0000,Quadrant 1,1,1,34,,#FF0000,0,239.12556656805805,5
image_1.png,5,False,506.9106872166117,124.52181738385787,20,#FF0000,Quadrant 2,1,2,34,,#FF0000,0,305.2855006222808,5
image_1.png,5,False,292.3827140386404,163.1073463078199,20,#FF0000,Quadrant 1,1,1,34,,#FF0000,0,111.34247839511517,5
image_1.png,5,False,98.70129355175656,169.92871416615932,20,#FF0000,Quadrant 1,1,1,34,,#FF0000,0,106.43587290934093,5
image_1.png,5,False,477.672064292913,352.26049628691624,20,#FF0000,Quadrant 4,2,2,34,,#FF0000,0,338.5309214628659,5
image_1.png,5,False,218.35446357567452,218.12026656529392,20,#FF0000,Quadrant 3,2,1,34,,#FF0000,0,221.585369742497,5
image_1.png,5,False,208.68355092269084,173.49772069615747,20,#FF0000,Quadrant 1,1,1,34,,#FF0000,0,0.14613829102350984,5
image_1.png,5,False,462.0921747314163,186.76553591337137,20,#FF0000,Quadrant 2,1,2,34,,#FF0000,0,208.79452123044553,5
image_1.png,5,False,158.2402652814901,189.86437827372532,20,#FF0000,Quadrant 1,1,1,34,,#FF0000,0,159.17752774973067,5
image_1.png,5,False,559.4610597273515,75.14334776286469,20,#FF0000,Quadrant 2,1,2,34,,#FF0000,0,324.4250972981715,5
image_1.png,5,False,366.14643483158414,250.25164347947077,20,#FF0000,Quadrant 4,2,2,34,,#FF0000,0,30.52639322104383,5
image_1.png,5,False,574.8937670657617,294.9302159903968,20,#FF0000,Quadrant 4,2,2,34,,#FF0000,0,120.66777194752832,5
image_1.png,5,False,165.77741887213162,86.27111457064598,20,#FF0000,Quadrant 1,1,1,34,,#FF0000,0,242.20644140058013,5
image_1.png,5,False,61.17864990816811,167.65870215713792,20,#FF0000,Quadrant 1,1,1,34,,#FF0000,0,305.9055700649035,5
image_1.png,5,False,144.9658781136597,274.2219066854109,20,#FF0000,Quadrant 3,2,1,34,,#FF0000,0,226.71553706557694,5
image_1.png,5,False,179.10527886954438,258.9899282002544,20,#FF0000,Quadrant 3,2,1,34,,#FF0000,0,177.9757808437573,5
image_1.png,5,False,303.9257276265438,77.48516568506896,20,#FF0000,Quadrant 1,1,1,34,,#FF0000,0,38.371426762874016,5
image_1.png,5,False,367.8728900557374,29.982549583162267,20,#FF0000,Quadrant 2,1,2,34,,#FF0000,0,344.8677752206343,5
image_1.png,5,False,595.5037433252936,183.54257002772522,20,#FF0000,Quadrant 2,1,2,34,,#FF0000,0,89.7113806775898,5
image_1.png,5,False,470.9610577519973,384.42334725911735,20,#FF0000,Quadrant 4,2,2,34,,#FF0000,0,288.5099766200152,5
image_1.png,5,False,665.5772902173344,347.95899995634517,20,#FF0000,Quadrant 4,2,2,34,,#FF0000,0,214.36283464899108,5
image_1.png,5,False,506.5797593191413,201.80614630362393,20,#FF0000,Quadrant 4,2,2,34,,#FF0000,0,220.5548361942346,5
image_1.png,5,False,388.48377397086074,350.1446630221731,20,#FF0000,Quadrant 4,2,2,34,,#FF0000,0,299.0049010997094,5
image_1.png,5,False,338.05068697108373,108.97440531977732,20,#FF0000,Quadrant 1,1,1,34,,#FF0000,0,267.71595917745054,5
image_1.png,5,False,450.34872993877167,300.47757266432853,20,#FF0000,Quadrant 4,2,2,34,,#FF0000,0,89.00630550347744,5
image_1.png,5,False,442.8296730804473,114.79783493482947,20,#FF0000,Quadrant 2,1,2,34,,#FF0000,0,187.66793261807356,5
image_1.png,5,False,207.8666959447121,113.70831047706578,20,#FF0000,Quadrant 1,1,1,34,,#FF0000,0,27.894007391304893,5
image_1.png,5,False,383.16488131521646,63.305395253106866,20,#FF0000,Quadrant 2,1,2,34,,#FF0000,0,115.09544463075443,5
image_2.png,2,True,116.28282867165497,91.87418754606325,20,#FF0000,Quadrant 1,1,1,30,15,#FF0000,0,137.89270527528174,4
image_2.png,5,False,238.97727842523958,187.11938666673495,20,#FF0000,Quadrant 1,1,1,30,,#FF0000,0,149.35244252335855,4
image_2.png,5,False,584.862015675596,158.22223518810378,20,#FF0000,Quadrant 2,1,2,30,,#FF0000,0,22.415655810090716,4
image_2.png,5,False,662.8367411435793,18.38307964686085,20,#FF0000,Quadrant 2,1,2,30,,#FF0000,0,277.1264780332788,4
image_2.png,5,False,407.6506489521453,191.29833890668093,20,#FF0000,Quadrant 2,1,2,30,,#FF0000,0,317.03640219281647,4
image_2.png,5,False,216.7441174845722,158.41495296808571,20,#FF0000,Quadrant 1,1,1,30,,#FF0000,0,339.38699667627486,4
image_2.png,5,False,586.817054180098,214.4473745566675,20,#FF0000,Quadrant 4,2,2,30,,#FF0000,0,320.9909551086643,4
image_2.png,5,False,562.1091697785334,350.3726893168958,20,#FF0000,Quadrant 4,2,2,30,,#FF0000,0,264.4682618722888,4
image_2.png,5,False,199.0524298048838,194.57267365583314,20,#FF0000,Quadrant 1,1,1,30,,#FF0000,0,175.76261191809016,4
image_2.png,5,False,471.8539246091899,312.69779863083136,20,#FF0000,Quadrant 4,2,2,30,,#FF0000,0,139.9885931686061,4
image_2.png,5,False,590.1084018501028,358.5867326128729,20,#FF0000,Quadrant 4,2,2,30,,#FF0000,0,260.70529594582393,4
image_2.png,5,False,379.0111807478955,353.8191100577984,20,#FF0000,Quadrant 4,2,2,30,,#FF0000,0,353.0599119068124,4
image_2.png,5,False,467.8068324601151,42.73214069723608,20,#FF0000,Quadrant 2,1,2,30,,#FF0000,0,213.08139922604792,4
image_2.png,5,False,608.2605840050446,79.69357202207735,20,#FF0000,Quadrant 2,1,2,30,,#FF0000,0,154.30059707799415,4
image_2.png,5,False,617.071950355306,116.18100071146867,20,#FF0000,Quadrant 2,1,2,30,,#FF0000,0,121.50019730659344,4
image_2.png,5,False,301.458165636771,326.59632583678183,20,#FF0000,Quadrant 3,2,1,30,,#FF0000,0,342.4334831498022,4
image_2.png,5,False,527.0777158860841,30.68835991595057,20,#FF0000,Quadrant 2,1,2,30,,#FF0000,0,169.3104610366969,4
image_2.png,5,False,165.4890721809065,36.937744031146835,20,#FF0000,Quadrant 1,1,1,30,,#FF0000,0,342.69108925749157,4
image_2.png,5,False,38.73785676558816,22.72933957690918,20,#FF0000,Quadrant 1,1,1,30,,#FF0000,0,344.6228169994926,4
image_2.png,5,False,589.2286750900881,245.86487818956766,20,#FF0000,Quadrant 4,2,2,30,,#FF0000,0,89.02198934383571,4
image_2.png,5,False,337.28357099188224,54.23921062931788,20,#FF0000,Quadrant 1,1,1,30,,#FF0000,0,85.87617908000611,4
image_2.png,5,False,331.4084145868671,107.86011730050653,20,#FF0000,Quadrant 1,1,1,30,,#FF0000,0,341.19252799799466,4
image_2.png,5,False,428.4600651740545,375.2917332702569,20,#FF0000,Quadrant 4,2,2,30,,#FF0000,0,132.8022627562589,4
image_2.png,5,False,546.898609574873,72.90347624320128,20,#FF0000,Quadrant 2,1,2,30,,#FF0000,0,258.60860229456296,4
image_2.png,5,False,636.6300180716893,152.86603066277038,20,#FF0000,Quadrant 2,1,2,30,,#FF0000,0,207.28682222846908,4
image_2.png,5,False,147.64921641619182,234.81299155244412,20,#FF0000,Quadrant 3,2,1,30,,#FF0000,0,338.92941547487146,4
image_2.png,5,False,178.32322319008404,274.5389549434019,20,#FF0000,Quadrant 3,2,1,30,,#FF0000,0,299.0057881609146,4
image_2.png,5,False,400.9275306480807,26.524131217919454,20,#FF0000,Quadrant 2,1,2,30,,#FF0000,0,286.6417979760763,4
image_2.png,5,False,19.717331464272775,169.78220403821084,20,#FF0000,Quadrant 1,1,1,30,,#FF0000,0,233.11557146044984,4
image_2.png,5,False,309.6976235135096,147.9070785511372,20,#FF0000,Quadrant 1,1,1,30,,#FF0000,0,176.47261379654697,4
image_2.png,5,False,370.4835086406126,256.87290249832824,20,#FF0000,Quadrant 4,2,2,30,,#FF0000,0,63.40930599098137,4
image_3.png,2,True,381.8011325428482,193.76205646784814,20,#FF0000,Quadrant 2,1,2,79,15,#FF0000,0,290.95171877043214,6
image_3.png,5,False,514.6770616562292,112.45351338260717,20,#FF0000,Quadrant 2,1,2,79,,#FF0000,0,156.80681748140194,6
image_3.png,5,False,583.3736720156257,43.75857546504492,20,#FF0000,Quadrant 2,1,2,79,,#FF0000,0,306.6167376069595,6
image_3.png,5,False,179.02190960256868,186.6598003760216,20,#FF0000,Quadrant 1,1,1,79,,#FF0000,0,317.3872262409979,6
image_3.png,5,False,272.1236305443739,21.84859915709386,20,#FF0000,Quadrant 1,1,1,79,,#FF0000,0,219.71941352298742,6
image_3.png,5,False,136.28766158164964,91.18130336794134,20,#FF0000,Quadrant 1,1,1,79,,#FF0000,0,306.34302107248527,6
image_3.png,5,False,245.49346294019142,343.7609523486092,20,#FF0000,Quadrant 3,2,1,79,,#FF0000,0,287.21964845811476,6
image_3.png,5,False,201.3490486960114,14.837121257819948,20,#FF0000,Quadrant 1,1,1,79,,#FF0000,0,252.42615011959256,6
image_3.png,5,False,69.98733078907665,283.18822303138546,20,#FF0000,Quadrant 3,2,1,79,,#FF0000,0,341.30252799973124,6
image_3.png,5,False,533.3754462494194,272.0503303107857,20,#FF0000,Quadrant 4,2,2,79,,#FF0000,0,175.88802486556344,6
image_3.png,5,False,349.1758998691459,310.728624154016,20,#FF0000,Quadrant 3,2,1,79,,#FF0000,0,232.5250439067428,6
image_3.png,5,False,163.67991992557327,272.4955447015863,20,#FF0000,Quadrant 3,2,1,79,,#FF0000,0,33.4992061996818,6
image_3.png,5,False,411.691798294001,189.89246475110036,20,#FF0000,Quadrant 2,1,2,79,,#FF0000,0,110.23417084683183,6
image_3.png,5,False,304.172126953893,292.96359507774446,20,#FF0000,Quadrant 3,2,1,79,,#FF0000,0,191.13189521247642,6
image_3.png,5,False,94.1319045943387,83.79686292467358,20,#FF0000,Quadrant 1,1,1,79,,#FF0000,0,90.50532343233894,6
image_3.png,5,False,380.21027214940364,299.1076723849909,20,#FF0000,Quadrant 4,2,2,79,,#FF0000,0,43.03970685181902,6
image_3.png,5,False,683.8822387664261,209.31273652305376,20,#FF0000,Quadrant 4,2,2,79,,#FF0000,0,260.85060039349855,6
image_3.png,5,False,134.6352235992429,16.34808282279213,20,#FF0000,Quadrant 1,1,1,79,,#FF0000,0,81.89393885371969,6
image_3.png,5,False,200.0005041536712,379.2834839568349,20,#FF0000,Quadrant 3,2,1,79,,#FF0000,0,192.28863213635879,6
image_3.png,5,False,491.52058371512396,58.73364833827856,20,#FF0000,Quadrant 2,1,2,79,,#FF0000,0,199.20922804749898,6
image_3.png,5,False,349.21542052688363,340.8880598294461,20,#FF0000,Quadrant 3,2,1,79,,#FF0000,0,312.64603101465985,6
image_3.png,5,False,334.41449505712154,177.49720569541188,20,#FF0000,Quadrant 1,1,1,79,,#FF0000,0,206.6631190654796,6
image_3.png,5,False,46.39855813948513,366.722039578343,20,#FF0000,Quadrant 3,2,1,79,,#FF0000,0,66.37092134042942,6
image_3.png,5,False,577.4376796113075,162.46741317123323,20,#FF0000,Quadrant 2,1,2,79,,#FF0000,0,171.98250741564758,6
image_3.png,5,False,444.68809208992684,31.264230082577527,20,#FF0000,Quadrant 2,1,2,79,,#FF0000,0,26.669581292030323,6
image_3.png,5,False,398.79648239126476,125.84982347636206,20,#FF0000,Quadrant 2,1,2,79,,#FF0000,0,53.71113041051586,6
image_3.png,5,False,92.61312636369703,299.9596223333014,20,#FF0000,Quadrant 3,2,1,79,,#FF0000,0,357.8105241756793,6
image_3.png,5,False,555.820431762116,96.30973781058309,20,#FF0000,Quadrant 2,1,2,79,,#FF0000,0,218.2743544474666,6
image_3.png,5,False,693.1315384616238,126.43373235271822,20,#FF0000,Quadrant 2,1,2,79,,#FF0000,0,309.65999969742484,6
image_3.png,5,False,431.0356985368948,290.75375747315803,20,#FF0000,Quadrant 4,2,2,79,,#FF0000,0,223.56983558597346,6
image_3.png,5,False,12.84357287338827,181.2904003454915,20,#FF0000,Quadrant 1,1,1,79,,#FF0000,0,27.023352804420455,6
image_3.png,5,False,211.677650142378,98.49801666217776,20,#FF0000,Quadrant 1,1,1,79,,#FF0000,0,213.77203024304276,6
image_3.png,5,False,495.3584275265711,182.62384138186235,20,#FF0000,Quadrant 2,1,2,79,,#FF0000,0,254.50409875645198,6
image_3.png,5,False,647.5747096484761,308.79899407246444,20,#FF0000,Quadrant 4,2,2,79,,#FF0000,0,247.45857122564738,6
image_3.png,5,False,466.55511652597045,363.926677292404,20,#FF0000,Quadrant 4,2,2,79,,#FF0000,0,225.02088257911987,6
image_3.png,5,False,386.2034789315887,255.8059254461377,20,#FF0000,Quadrant 4,2,2,79,,#FF0000,0,153.05002779751618,6
image_3.png,5,False,222.9445388912062,294.10601894231763,20,#FF0000,Quadrant 3,2,1,79,,#FF0000,0,59.73220411946088,6
image_3.png,5,False,209.85269534272496,58.00568279003971,20,#FF0000,Quadrant 1,1,1,79,,#FF0000,0,204.91453775487327,6
image_3.png,5,False,493.1165089482692,367.3316190012474,20,#FF0000,Quadrant 4,2,2,79,,#FF0000,0,247.92407683635375,6
image_3.png,5,False,351.2249061287631,41.407020017935764,20,#FF0000,Quadrant 1,1,1,79,,#FF0000,0,180.1699837624532,6
image_3.png,5,False,308.6677496067723,132.83755850943737,20,#FF0000,Quadrant 1,1,1,79,,#FF0000,0,14.3498823061007,6
image_3.png,5,False,73.9242248887488,374.6023966288923,20,#FF0000,Quadrant 3,2,1,79,,#FF0000,0,90.1324448683214,6
image_3.png,5,False,407.31218625253206,370.3972130108012,20,#FF0000,Quadrant 4,2,2,79,,#FF0000,0,300.9451010062253,6
image_3.png,5,False,474.2020115849318,112.87516781554638,20,#FF0000,Quadrant 2,1,2,79,,#FF0000,0,359.8460700758825,6
image_3.png,5,False,532.0692241542519,188.8493111891175,20,#FF0000,Quadrant 2,1,2,79,,#FF0000,0,14.483402332061823,6
image_3.png,5,False,642.1741508815428,79.6028976503416,20,#FF0000,Quadrant 2,1,2,79,,#FF0000,0,234.54341619612708,6
image_3.png,5,False,448.36667170386585,196.87235322820305,20,#FF0000,Quadrant 2,1,2,79,,#FF0000,0,210.71866510002758,6
image_3.png,5,False,250.74516778701417,136.99057280540478,20,#FF0000,Quadrant 1,1,1,79,,#FF0000,0,32.84726626577778,6
image_3.png,5,False,601.9781020418429,135.66578483284894,20,#FF0000,Quadrant 2,1,2,79,,#FF0000,0,241.24806342762676,6
image_3.png,5,False,233.73563874416033,377.72982673364214,20,#FF0000,Quadrant 3,2,1,79,,#FF0000,0,113.22617658126046,6
image_3.png,5,False,365.55681785475343,384.50906318750305,20,#FF0000,Quadrant 4,2,2,79,,#FF0000,0,145.50302052026842,6
image_3.png,5,False,384.8469865121074,167.20758176214352,20,#FF0000,Quadrant 2,1,2,79,,#FF0000,0,236.75773913392644,6
image_3.png,5,False,260.26597845550424,296.9355122330069,20,#FF0000,Quadrant 3,2,1,79,,#FF0000,0,67.52971490202977,6
image_3.png,5,False,650.1665322218245,176.607883937359,20,#FF0000,Quadrant 2,1,2,79,,#FF0000,0,197.7190700707194,6
image_3.png,5,False,175.8759515437511,70.86694591837784,20,#FF0000,Quadrant 1,1,1,79,,#FF0000,0,219.19380014950738,6
image_3.png,5,False,391.50122083802205,46.233078084415524,20,#FF0000,Quadrant 2,1,2,79,,#FF0000,0,198.30204252096118,6
image_3.png,5,False,584.346646726773,199.3859407793198,20,#FF0000,Quadrant 2,1,2,79,,#FF0000,0,42.287813672240716,6
image_3.png,5,False,361.6128183828936,114.35461095761764,20,#FF0000,Quadrant 2,1,2,79,,#FF0000,0,257.9771973570448,6
image_3.png,5,False,686.3885518637258,103.1302824964023,20,#FF0000,Quadrant 2,1,2,79,,#FF0000,0,300.50062040761,6
image_3.png,5,False,275.2907631272863,359.4661606741304,20,#FF0000,Quadrant 3,2,1,79,,#FF0000,0,198.45542767696907,6
image_3.png,5,False,616.8557897959221,337.6021812140063,20,#FF0000,Quadrant 4,2,2,79,,#FF0000,0,182.96672097344182,6
image_3.png,5,False,555.3142594001451,167.84823610240846,20,#FF0000,Quadrant 2,1,2,79,,#FF0000,0,99.44906501593475,6
image_3.png,5,False,216.70498049274758,232.8624590725529,20,#FF0000,Quadrant 3,2,1,79,,#FF0000,0,101.82203398181758,6
image_3.png,5,False,348.362198845778,67.1690681486943,20,#FF0000,Quadrant 1,1,1,79,,#FF0000,0,359.6048399625619,6
image_3.png,5,False,248.79039582648218,219.62478365276655,20,#FF0000,Quadrant 3,2,1,79,,#FF0000,0,193.88900797339454,6
image_3.png,5,False,491.57641663057365,227.13950867029263,20,#FF0000,Quadrant 4,2,2,79,,#FF0000,0,67.91485453455795,6
image_3.png,5,False,545.3501433433894,27.498679058780123,20,#FF0000,Quadrant 2,1,2,79,,#FF0000,0,84.08248058084152,6
image_3.png,5,False,496.9020100262268,317.71256516952343,20,#FF0000,Quadrant 4,2,2,79,,#FF0000,0,268.09385456347053,6
image_3.png,5,False,468.2816035148444,321.2425745462118,20,#FF0000,Quadrant 4,2,2,79,,#FF0000,0,138.98835089675364,6
image_3.png,5,False,417.6343157942917,339.74671845091746,20,#FF0000,Quadrant 4,2,2,79,,#FF0000,0,180.8248140478677,6
image_3.png,5,False,314.37097853199657,209.8095108132582,20,#FF0000,Quadrant 3,2,1,79,,#FF0000,0,314.708534659551,6
image_3.png,5,False,117.35487973359716,188.46744717222867,20,#FF0000,Quadrant 1,1,1,79,,#FF0000,0,235.72127751398418,6
image_3.png,5,False,272.8264748931093,130.69791618682507,20,#FF0000,Quadrant 1,1,1,79,,#FF0000,0,309.363186300576,6
image_3.png,5,False,534.2278466313766,340.7607805766467,20,#FF0000,Quadrant 4,2,2,79,,#FF0000,0,258.73827308027387,6
image_3.png,5,False,58.14189480808894,249.57886437105412,20,#FF0000,Quadrant 3,2,1,79,,#FF0000,0,12.923675941567168,6
image_3.png,5,False,698.2264609168324,293.2776866269364,20,#FF0000,Quadrant 4,2,2,79,,#FF0000,0,331.5344755609068,6
image_3.png,5,False,42.68777741859958,311.94222983131607,20,#FF0000,Quadrant 3,2,1,79,,#FF0000,0,325.232662338175,6
image_3.png,5,False,269.2655108551919,66.02538277437262,20,#FF0000,Quadrant 1,1,1,79,,#FF0000,0,105.61239934747516,6
image_3.png,5,False,65.4091936047363,340.17736828775514,20,#FF0000,Quadrant 3,2,1,79,,#FF0000,0,61.19411366451506,6
image_3.png,5,False,176.93172658899968,356.04936805690375,20,#FF0000,Quadrant 3,2,1,79,,#FF0000,0,223.0957326734695,6
image_4.png,2,True,450.5162907614587,184.7176486888043,20,#FF0000,Quadrant 2,1,2,19,15,#FF0000,0,83.58783994625482,4
image_4.png,5,False,630.3479783415212,186.86573058856396,20,#FF0000,Quadrant 2,1,2,19,,#FF0000,0,240.06265821593308,4
image_4.png,5,False,387.60611680779755,38.91979830692598,20,#FF0000,Quadrant 2,1,2,19,,#FF0000,0,103.54739966943797,4
image_4.png,5,False,691.4920180055268,124.0803061687859,20,#FF0000,Quadrant 2,1,2,19,,#FF0000,0,340.2848285764726,4
image_4.png,5,False,486.62601008502895,183.6839371884233,20,#FF0000,Quadrant 2,1,2,19,,#FF0000,0,346.3304662164391,4
image_4.png,5,False,699.5683866296234,333.56080337355024,20,#FF0000,Quadrant 4,2,2,19,,#FF0000,0,108.7638013937929,4
image_4.png,5,False,273.7600010861064,146.68656156419894,20,#FF0000,Quadrant 1,1,1,19,,#FF0000,0,38.39517627204993,4
image_4.png,5,False,492.8032858104556,19.29316799091557,20,#FF0000,Quadrant 2,1,2,19,,#FF0000,0,106.51406047768245,4
image_4.png,5,False,283.71015548793207,14.061031057843312,20,#FF0000,Quadrant 1,1,1,19,,#FF0000,0,298.81352213742383,4
image_4.png,5,False,547.2567032655837,379.02186476095557,20,#FF0000,Quadrant 4,2,2,19,,#FF0000,0,311.42426317101575,4
image_4.png,5,False,524.4236141983054,325.8131040764652,20,#FF0000,Quadrant 4,2,2,19,,#FF0000,0,327.8221033387358,4
image_4.png,5,False,545.4855349467294,97.98475178681737,20,#FF0000,Quadrant 2,1,2,19,,#FF0000,0,325.05657064191917,4
image_4.png,5,False,161.89412732146465,82.86989194673937,20,#FF0000,Quadrant 1,1,1,19,,#FF0000,0,288.6955047163035,4
image_4.png,5,False,531.5927760580156,301.10395275928545,20,#FF0000,Quadrant 4,2,2,19,,#FF0000,0,90.22564801570178,4
image_4.png,5,False,105.24089532243414,47.72796547030358,20,#FF0000,Quadrant 1,1,1,19,,#FF0000,0,245.10783390552817,4
image_4.png,5,False,38.16215345900318,309.0947629558382,20,#FF0000,Quadrant 3,2,1,19,,#FF0000,0,225.88491881402297,4
image_4.png,5,False,262.38938955661564,60.6736628269435,20,#FF0000,Quadrant 1,1,1,19,,#FF0000,0,12.011231248427677,4
image_4.png,5,False,236.10947761695317,168.0601693122979,20,#FF0000,Quadrant 1,1,1,19,,#FF0000,0,327.46601243495763,4
image_4.png,5,False,552.907326800018,342.30210555511013,20,#FF0000,Quadrant 4,2,2,19,,#FF0000,0,72.28612607402744,4
image_4.png,5,False,356.73659120047483,114.01533856927342,20,#FF0000,Quadrant 2,1,2,19,,#FF0000,0,131.70871102144457,4
image_5.png,2,True,579.2112808417186,193.13847969227416,20,#FF0000,Quadrant 2,1,2,22,15,#FF0000,0,92.50923044277444,4
image_5.png,5,False,525.3793926440441,139.03436593711302,20,#FF0000,Quadrant 2,1,2,22,,#FF0000,0,290.335857765756,4
image_5.png,5,False,674.4334787866567,64.20615167222365,20,#FF0000,Quadrant 2,1,2,22,,#FF0000,0,41.46109468191339,4
image_5.png,5,False,603.6368712632882,284.7539171645459,20,#FF0000,Quadrant 4,2,2,22,,#FF0000,0,347.9400754065907,4
image_5.png,5,False,677.4488558897223,315.13412943977244,20,#FF0000,Quadrant 4,2,2,22,,#FF0000,0,352.7792074014852,4
image_5.png,5,False,555.7798763577779,16.261251628140645,20,#FF0000,Quadrant 2,1,2,22,,#FF0000,0,131.6790177860039,4
image_5.png,5,False,324.34757310863966,265.32912834827886,20,#FF0000,Quadrant 3,2,1,22,,#FF0000,0,193.16603097686126,4
image_5.png,5,False,413.7619031483424,321.8737398637207,20,#FF0000,Quadrant 4,2,2,22,,#FF0000,0,242.04268704636473,4
image_5.png,5,False,85.65046441526994,99.38467903597844,20,#FF0000,Quadrant 1,1,1,22,,#FF0000,0,338.5050810406395,4
image_5.png,5,False,620.2378083530332,223.2119904904542,20,#FF0000,Quadrant 4,2,2,22,,#FF0000,0,9.008873872733636,4
image_5.png,5,False,163.5220008509791,34.896041558553875,20,#FF0000,Quadrant 1,1,1,22,,#FF0000,0,329.4921271475374,4
image_5.png,5,False,637.5680828768176,125.22788597205658,20,#FF0000,Quadrant 2,1,2,22,,#FF0000,0,296.58792650056114,4
image_5.png,5,False,107.30636161747532,368.68685942937566,20,#FF0000,Quadrant 3,2,1,22,,#FF0000,0,146.98650808634858,4
image_5.png,5,False,350.4183624759838,47.73857547904856,20,#FF0000,Quadrant 1,1,1,22,,#FF0000,0,109.57125036816188,4
image_5.png,5,False,104.47252955866587,182.4773401040014,20,#FF0000,Quadrant 1,1,1,22,,#FF0000,0,319.41335107026083,4
image_5.png,5,False,523.0235437294652,368.5782044246253,20,#FF0000,Quadrant 4,2,2,22,,#FF0000,0,241.37503878606165,4
image_5.png,5,False,522.4233511733025,69.40965711091764,20,#FF0000,Quadrant 2,1,2,22,,#FF0000,0,150.88563122930023,4
image_5.png,5,False,79.22590631555413,195.9731802844743,20,#FF0000,Quadrant 1,1,1,22,,#FF0000,0,149.3584298772505,4
image_5.png,5,False,666.59833098755,23.36675643120773,20,#FF0000,Quadrant 2,1,2,22,,#FF0000,0,146.9217188511722,4
image_5.png,5,False,316.49094629582345,370.3098542038394,20,#FF0000,Quadrant 3,2,1,22,,#FF0000,0,133.39078514439674,4
image_5.png,5,False,79.45533635362379,270.18714035192585,20,#FF0000,Quadrant 3,2,1,22,,#FF0000,0,307.96206959014364,4
image_5.png,5,False,684.7335027924602,146.57871197825617,20,#FF0000,Quadrant 2,1,2,22,,#FF0000,0,196.00771013357217,4
image_5.png,5,False,141.7780993289838,57.176373814985695,20,#FF0000,Quadrant 1,1,1,22,,#FF0000,0,143.3302713879743,4
image_6.png,2,True,157.14090682666279,252.72832320422805,20,#FF0000,Quadrant 3,2,1,59,15,#FF0000,0,33.00243257430751,5
image_6.png,5,False,45.848593846719496,137.06646113149105,20,#FF0000,Quadrant 1,1,1,59,,#FF0000,0,349.5935923433951,5
image_6.png,5,False,553.2279108836816,88.56770740400728,20,#FF0000,Quadrant 2,1,2,59,,#FF0000,0,355.97552541891184,5
image_6.png,5,False,392.84916624971794,232.65280559383038,20,#FF0000,Quadrant 4,2,2,59,,#FF0000,0,298.73442139816774,5
image_6.png,5,False,171.53608986271567,303.71132241022195,20,#FF0000,Quadrant 3,2,1,59,,#FF0000,0,292.69907320358124,5
image_6.png,5,False,421.6313466351754,115.80989177880816,20,#FF0000,Quadrant 2,1,2,59,,#FF0000,0,283.9117515399394,5
image_6.png,5,False,691.4063127082927,215.20144269427124,20,#FF0000,Quadrant 4,2,2,59,,#FF0000,0,354.25012746518604,5
image_6.png,5,False,86.7392536958211,338.5173018555708,20,#FF0000,Quadrant 3,2,1,59,,#FF0000,0,287.4649764807445,5
image_6.png,5,False,257.82893038019114,309.02712002350495,20,#FF0000,Quadrant 3,2,1,59,,#FF0000,0,47.4491626422831,5
image_6.png,5,False,21.873166539189416,111.30891814683993,20,#FF0000,Quadrant 1,1,1,59,,#FF0000,0,211.98705193815923,5
image_6.png,5,False,301.0418237110446,53.95943796531462,20,#FF0000,Quadrant 1,1,1,59,,#FF0000,0,45.6330757366009,5
image_6.png,5,False,319.8616226319502,147.85073210301954,20,#FF0000,Quadrant 1,1,1,59,,#FF0000,0,22.880893732969042,5
image_6.png,5,False,322.4317343171303,94.74580792611174,20,#FF0000,Quadrant 1,1,1,59,,#FF0000,0,213.71976643248976,5
image_6.png,5,False,512.0704250458135,354.5081380286722,20,#FF0000,Quadrant 4,2,2,59,,#FF0000,0,221.43846106239715,5
image_6.png,5,False,218.82329670035313,254.18277862967474,20,#FF0000,Quadrant 3,2,1,59,,#FF0000,0,237.20510652454522,5
image_6.png,5,False,699.0262742565462,331.27884931721775,20,#FF0000,Quadrant 4,2,2,59,,#FF0000,0,11.21423022372381,5
image_6.png,5,False,85.38570064898752,280.2876970311024,20,#FF0000,Quadrant 3,2,1,59,,#FF0000,0,153.45850294079702,5
image_6.png,5,False,630.5948011701155,132.75826786411125,20,#FF0000,Quadrant 2,1,2,59,,#FF0000,0,159.6824385706831,5
image_6.png,5,False,97.94600434218363,246.99201283829657,20,#FF0000,Quadrant 3,2,1,59,,#FF0000,0,53.40017723773124,5
image_6.png,5,False,501.6732767377255,154.98186275340086,20,#FF0000,Quadrant 2,1,2,59,,#FF0000,0,210.73128787732358,5
image_6.png,5,False,214.1845469594741,202.09830615558718,20,#FF0000,Quadrant 3,2,1,59,,#FF0000,0,215.0610678717528,5
image_6.png,5,False,557.4432081470342,54.248519378570094,20,#FF0000,Quadrant 2,1,2,59,,#FF0000,0,154.8717572965044,5
image_6.png,5,False,615.7395808012435,219.40471633134396,20,#FF0000,Quadrant 4,2,2,59,,#FF0000,0,235.69666470833118,5
image_6.png,5,False,307.3181898081402,346.69840631165033,20,#FF0000,Quadrant 3,2,1,59,,#FF0000,0,311.5772336528324,5
image_6.png,5,False,581.0918458734508,161.72000964912834,20,#FF0000,Quadrant 2,1,2,59,,#FF0000,0,148.97288562368882,5
image_6.png,5,False,226.34581314802463,129.13390989162605,20,#FF0000,Quadrant 1,1,1,59,,#FF0000,0,262.66050274842155,5
image_6.png,5,False,668.0252446395771,270.6183514065172,20,#FF0000,Quadrant 4,2,2,59,,#FF0000,0,91.76032673380051,5
image_6.png,5,False,73.85387918420751,43.267727071352134,20,#FF0000,Quadrant 1,1,1,59,,#FF0000,0,170.73643881207698,5
image_6.png,5,False,524.0217997732046,151.86051284409155,20,#FF0000,Quadrant 2,1,2,59,,#FF0000,0,155.4755466786265,5
image_6.png,5,False,52.32689382191328,372.60410781413066,20,#FF0000,Quadrant 3,2,1,59,,#FF0000,0,46.84156328658361,5
image_6.png,5,False,472.6391394005518,166.2856632445758,20,#FF0000,Quadrant 2,1,2,59,,#FF0000,0,202.2060173651021,5
image_6.png,5,False,659.4384796391863,170.87013147874794,20,#FF0000,Quadrant 2,1,2,59,,#FF0000,0,314.49865400435465,5
image_6.png,5,False,82.38078992207241,202.80194275390554,20,#FF0000,Quadrant 3,2,1,59,,#FF0000,0,112.48160367155542,5
image_6.png,5,False,343.22849398482373,331.2698925950121,20,#FF0000,Quadrant 3,2,1,59,,#FF0000,0,55.702863308974116,5
image_6.png,5,False,394.2669130358812,54.42664851445649,20,#FF0000,Quadrant 2,1,2,59,,#FF0000,0,126.04103791962882,5
image_6.png,5,False,166.82361599188687,173.2044913133133,20,#FF0000,Quadrant 1,1,1,59,,#FF0000,0,100.2845564981997,5
image_6.png,5,False,539.7610144458421,246.01159846731048,20,#FF0000,Quadrant 4,2,2,59,,#FF0000,0,201.9476526292918,5
image_6.png,5,False,488.801648432549,21.944302441159422,20,#FF0000,Quadrant 2,1,2,59,,#FF0000,0,236.8192420795998,5
image_6.png,5,False,536.3001578889075,359.3411829505393,20,#FF0000,Quadrant 4,2,2,59,,#FF0000,0,98.37733993658092,5
image_6.png,5,False,135.9884296084598,65.149063349287,20,#FF0000,Quadrant 1,1,1,59,,#FF0000,0,126.36843146531345,5
image_6.png,5,False,58.94435524010381,291.08630434676274,20,#FF0000,Quadrant 3,2,1,59,,#FF0000,0,236.64406854124638,5
image_6.png,5,False,323.56194977370893,70.50070626944353,20,#FF0000,Quadrant 1,1,1,59,,#FF0000,0,135.4299860532559,5
image_6.png,5,False,234.49981264203586,366.85200626068087,20,#FF0000,Quadrant 3,2,1,59,,#FF0000,0,112.18945309351791,5
image_6.png,5,False,619.6227651331386,69.80920348689659,20,#FF0000,Quadrant 2,1,2,59,,#FF0000,0,214.64055799383323,5
image_6.png,5,False,45.286357286307485,41.83781740706318,20,#FF0000,Quadrant 1,1,1,59,,#FF0000,0,271.5969164849948,5
image_6.png,5,False,303.1461786748537,240.47473081270383,20,#FF0000,Quadrant 3,2,1,59,,#FF0000,0,159.52067075891736,5
image_6.png,5,False,159.52701711770757,204.6669035928176,20,#FF0000,Quadrant 3,2,1,59,,#FF0000,0,149.10614563778088,5
image_6.png,5,False,374.0575998250718,127.58253011977493,20,#FF0000,Quadrant 2,1,2,59,,#FF0000,0,213.52833014121495,5
image_6.png,5,False,689.2830585832513,31.707580319834612,20,#FF0000,Quadrant 2,1,2,59,,#FF0000,0,79.38663678090886,5
image_6.png,5,False,662.3282960991577,301.0581213226523,20,#FF0000,Quadrant 4,2,2,59,,#FF0000,0,73.59232476734344,5
image_6.png,5,False,210.4290734088145,56.35408192069757,20,#FF0000,Quadrant 1,1,1,59,,#FF0000,0,275.09792247404914,5
image_6.png,5,False,255.02118106678137,161.09290386547838,20,#FF0000,Quadrant 1,1,1,59,,#FF0000,0,240.49734182828712,5
image_6.png,5,False,311.5553013079831,184.78710663467197,20,#FF0000,Quadrant 1,1,1,59,,#FF0000,0,267.1348778548003,5
image_6.png,5,False,226.6987745366846,173.26946022171586,20,#FF0000,Quadrant 1,1,1,59,,#FF0000,0,28.030540275272738,5
image_6.png,5,False,452.05760997378184,120.43674771141659,20,#FF0000,Quadrant 2,1,2,59,,#FF0000,0,145.59223842188436,5
image_6.png,5,False,676.711587121824,75.96806225851007,20,#FF0000,Quadrant 2,1,2,59,,#FF0000,0,145.81163054338361,5
image_6.png,5,False,328.0067654048342,271.6725955283118,20,#FF0000,Quadrant 3,2,1,59,,#FF0000,0,341.1411513576291,5
image_6.png,5,False,524.8595254341113,94.75423826202702,20,#FF0000,Quadrant 2,1,2,59,,#FF0000,0,313.3887898303482,5
image_6.png,5,False,63.62539107891157,250.3589241139745,20,#FF0000,Quadrant 3,2,1,59,,#FF0000,0,280.4824326971752,5
image_6.png,5,False,144.59965361789435,304.41427068459876,20,#FF0000,Quadrant 3,2,1,59,,#FF0000,0,191.01773547815338,5
image_7.png,2,True,575.255586450623,319.08398817350536,20,#FF0000,Quadrant 4,2,2,45,15,#FF0000,0,261.85647804260554,5
image_7.png,5,False,111.90006639333143,85.56874146746567,20,#FF0000,Quadrant 1,1,1,45,,#FF0000,0,85.05678562082075,5
image_7.png,5,False,534.7883386318086,258.7824059760834,20,#FF0000,Quadrant 4,2,2,45,,#FF0000,0,216.8636346983397,5
image_7.png,5,False,543.492333491569,197.7762354565729,20,#FF0000,Quadrant 2,1,2,45,,#FF0000,0,63.77260642100249,5
image_7.png,5,False,399.9348387645287,251.1427646049043,20,#FF0000,Quadrant 4,2,2,45,,#FF0000,0,332.69553301883735,5
image_7.png,5,False,606.4660967588458,248.08817980811375,20,#FF0000,Quadrant 4,2,2,45,,#FF0000,0,224.82784059908212,5
image_7.png,5,False,58.049232103575946,178.15464813011567,20,#FF0000,Quadrant 1,1,1,45,,#FF0000,0,54.34466450150768,5
image_7.png,5,False,200.25015689796368,32.2330614405435,20,#FF0000,Quadrant 1,1,1,45,,#FF0000,0,109.01535665004465,5
image_7.png,5,False,224.87100906774822,181.82344047885786,20,#FF0000,Quadrant 1,1,1,45,,#FF0000,0,182.64127870432014,5
image_7.png,5,False,584.0389792158907,40.00431844356599,20,#FF0000,Quadrant 2,1,2,45,,#FF0000,0,20.480418300222855,5
image_7.png,5,False,329.8083330008906,220.5315883658789,20,#FF0000,Quadrant 3,2,1,45,,#FF0000,0,182.54441424022383,5
image_7.png,5,False,628.259091468637,180.99933998004258,20,#FF0000,Quadrant 2,1,2,45,,#FF0000,0,285.0544070155291,5
image_7.png,5,False,460.1160062528922,132.53711636880192,20,#FF0000,Quadrant 2,1,2,45,,#FF0000,0,291.5337303712696,5
image_7.png,5,False,114.94328184329494,34.38825863821607,20,#FF0000,Quadrant 1,1,1,45,,#FF0000,0,171.22645005950503,5
image_7.png,5,False,630.498388595528,140.81947926686516,20,#FF0000,Quadrant 2,1,2,45,,#FF0000,0,37.26067581734098,5
image_7.png,5,False,358.63426203415963,76.22726852294595,20,#FF0000,Quadrant 2,1,2,45,,#FF0000,0,257.1535977002866,5
image_7.png,5,False,312.6154509990615,177.101437286272,20,#FF0000,Quadrant 1,1,1,45,,#FF0000,0,89.18774049538231,5
image_7.png,5,False,120.37613729928201,151.93804923430164,20,#FF0000,Quadrant 1,1,1,45,,#FF0000,0,188.1892926955964,5
image_7.png,5,False,292.6421147034037,138.90278150605658,20,#FF0000,Quadrant 1,1,1,45,,#FF0000,0,101.84168830119044,5
image_7.png,5,False,76.11459783789999,267.42739234955064,20,#FF0000,Quadrant 3,2,1,45,,#FF0000,0,23.728267540698287,5
image_7.png,5,False,509.65248829669616,259.18122466316066,20,#FF0000,Quadrant 4,2,2,45,,#FF0000,0,102.29291059612093,5
image_7.png,5,False,492.252694377386,159.1601180787662,20,#FF0000,Quadrant 2,1,2,45,,#FF0000,0,348.3707427693881,5
image_7.png,5,False,657.2835155008092,128.02195344323323,20,#FF0000,Quadrant 2,1,2,45,,#FF0000,0,214.21484213456694,5
image_7.png,5,False,582.152732324286,290.2568260649445,20,#FF0000,Quadrant 4,2,2,45,,#FF0000,0,241.2419039981001,5
image_7.png,5,False,373.6850110768459,255.1973822372584,20,#FF0000,Quadrant 4,2,2,45,,#FF0000,0,246.74919849992745,5
image_7.png,5,False,260.2995583829346,148.06191887521277,20,#FF0000,Quadrant 1,1,1,45,,#FF0000,0,152.42629187595733,5
image_7.png,5,False,158.57874357293235,369.2186051279831,20,#FF0000,Quadrant 3,2,1,45,,#FF0000,0,64.89465223566407,5
image_7.png,5,False,167.0881590618483,62.99970350093597,20,#FF0000,Quadrant 1,1,1,45,,#FF0000,0,175.05753151418182,5
image_7.png,5,False,586.397560551209,345.0318585561883,20,#FF0000,Quadrant 4,2,2,45,,#FF0000,0,277.5148993307164,5
image_7.png,5,False,243.03065228339,300.6642744810573,20,#FF0000,Quadrant 3,2,1,45,,#FF0000,0,13.589097248722052,5
image_7.png,5,False,270.5599909967195,72.32944616943429,20,#FF0000,Quadrant 1,1,1,45,,#FF0000,0,47.177654914622885,5
image_7.png,5,False,542.286393660651,316.8185260236558,20,#FF0000,Quadrant 4,2,2,45,,#FF0000,0,299.28422040808516,5
image_7.png,5,False,174.65830879693135,178.9071123063942,20,#FF0000,Quadrant 1,1,1,45,,#FF0000,0,243.49065198787184,5
image_7.png,5,False,586.3931275880124,150.04388220906242,20,#FF0000,Quadrant 2,1,2,45,,#FF0000,0,168.84561781161096,5
image_7.png,5,False,689.2790177432568,185.5150318506939,20,#FF0000,Quadrant 2,1,2,45,,#FF0000,0,340.9668612878843,5
image_7.png,5,False,274.1101071573995,210.37980003844044,20,#FF0000,Quadrant 3,2,1,45,,#FF0000,0,101.43782377335916,5
image_7.png,5,False,183.25221278482587,253.36567568528102,20,#FF0000,Quadrant 3,2,1,45,,#FF0000,0,49.82347245723523,5
image_7.png,5,False,393.0785735974331,49.778918600898734,20,#FF0000,Quadrant 2,1,2,45,,#FF0000,0,314.6821002188053,5
image_7.png,5,False,597.4534071304126,118.75381931442615,20,#FF0000,Quadrant 2,1,2,45,,#FF0000,0,304.5212196240378,5
image_7.png,5,False,198.9532054184447,353.20574699377516,20,#FF0000,Quadrant 3,2,1,45,,#FF0000,0,274.72205890500874,5
image_7.png,5,False,312.4185939743418,368.74421341844555,20,#FF0000,Quadrant 3,2,1,45,,#FF0000,0,53.04551615697755,5
image_7.png,5,False,321.82718526206844,143.14315953640929,20,#FF0000,Quadrant 1,1,1,45,,#FF0000,0,79.93368248651302,5
image_7.png,5,False,47.6939952608703,200.75868935404299,20,#FF0000,Quadrant 3,2,1,45,,#FF0000,0,9.601268689057871,5
image_7.png,5,False,696.2279670031827,152.71699055191615,20,#FF0000,Quadrant 2,1,2,45,,#FF0000,0,84.88010659083575,5
image_7.png,5,False,652.3390483727177,328.20863671718695,20,#FF0000,Quadrant 4,2,2,45,,#FF0000,0,10.147516390134022,5
image_7.png,5,False,556.2612592252193,63.01264416037949,20,#FF0000,Quadrant 2,1,2,45,,#FF0000,0,233.9858463459054,5
image_8.png,2,True,336.5214488699555,325.15976368236267,20,#FF0000,Quadrant 3,2,1,37,15,#FF0000,0,330.2626217805905,5
image_8.png,5,False,334.21687761013516,243.60164120782127,20,#FF0000,Quadrant 3,2,1,37,,#FF0000,0,273.1828157156186,5
image_8.png,5,False,24.093676703658595,92.51749340903797,20,#FF0000,Quadrant 1,1,1,37,,#FF0000,0,326.1086960771775,5
image_8.png,5,False,658.815679096168,241.1566774658682,20,#FF0000,Quadrant 4,2,2,37,,#FF0000,0,53.82706282712166,5
image_8.png,5,False,545.7829438857882,100.82800567027292,20,#FF0000,Quadrant 2,1,2,37,,#FF0000,0,152.37171322127628,5
image_8.png,5,False,175.28481788381782,252.5237547613223,20,#FF0000,Quadrant 3,2,1,37,,#FF0000,0,43.86540425710231,5
image_8.png,5,False,54.27412704662297,327.26795838881674,20,#FF0000,Quadrant 3,2,1,37,,#FF0000,0,224.21180460274888,5
image_8.png,5,False,380.3410573923882,249.87896808096784,20,#FF0000,Quadrant 4,2,2,37,,#FF0000,0,179.93852000553946,5
image_8.png,5,False,506.077041848931,121.10081137904747,20,#FF0000,Quadrant 2,1,2,37,,#FF0000,0,207.01708471102808,5
image_8.png,5,False,254.0902513023373,226.7108846564781,20,#FF0000,Quadrant 3,2,1,37,,#FF0000,0,0.5631609360236389,5
image_8.png,5,False,471.4000681116284,208.8771628023639,20,#FF0000,Quadrant 4,2,2,37,,#FF0000,0,67.4330082474177,5
image_8.png,5,False,667.8951341320198,216.66298085279664,20,#FF0000,Quadrant 4,2,2,37,,#FF0000,0,129.81735277447518,5
image_8.png,5,False,360.751963703414,18.68636777692667,20,#FF0000,Quadrant 2,1,2,37,,#FF0000,0,283.1084409043143,5
image_8.png,5,False,40.9952189399091,157.24113953734116,20,#FF0000,Quadrant 1,1,1,37,,#FF0000,0,314.3993178699063,5
image_8.png,5,False,525.9011315866626,145.98148532256903,20,#FF0000,Quadrant 2,1,2,37,,#FF0000,0,134.38885935629972,5
image_8.png,5,False,411.9313885535585,297.0246341950598,20,#FF0000,Quadrant 4,2,2,37,,#FF0000,0,37.31899229988821,5
image_8.png,5,False,253.73404277267656,138.9708635919269,20,#FF0000,Quadrant 1,1,1,37,,#FF0000,0,48.027452349371046,5
image_8.png,5,False,583.1343395101222,269.81001010259575,20,#FF0000,Quadrant 4,2,2,37,,#FF0000,0,231.40642183297933,5
image_8.png,5,False,340.70797724474966,79.9010834004441,20,#FF0000,Quadrant 1,1,1,37,,#FF0000,0,353.09490688398574,5
image_8.png,5,False,504.3550446837781,367.68274696918485,20,#FF0000,Quadrant 4,2,2,37,,#FF0000,0,48.546929230661625,5
image_8.png,5,False,149.8961940644869,310.0392826005786,20,#FF0000,Quadrant 3,2,1,37,,#FF0000,0,13.314164471919256,5
image_8.png,5,False,228.44552001426072,128.2086837501451,20,#FF0000,Quadrant 1,1,1,37,,#FF0000,0,318.8845388225178,5
image_8.png,5,False,572.8147895719718,189.9451121818468,20,#FF0000,Quadrant 2,1,2,37,,#FF0000,0,143.36066004696613,5
image_8.png,5,False,456.71444367371697,119.14991851848539,20,#FF0000,Quadrant 2,1,2,37,,#FF0000,0,13.183477753287004,5
image_8.png,5,False,43.93697959583256,258.86645693680293,20,#FF0000,Quadrant 3,2,1,37,,#FF0000,0,310.3698709689301,5
image_8.png,5,False,313.9785406247171,372.5489553373435,20,#FF0000,Quadrant 3,2,1,37,,#FF0000,0,144.00783887200632,5
image_8.png,5,False,139.7170629194678,272.60188964056846,20,#FF0000,Quadrant 3,2,1,37,,#FF0000,0,122.05318622693783,5
image_8.png,5,False,303.48026664838716,173.76950345730293,20,#FF0000,Quadrant 1,1,1,37,,#FF0000,0,29.740142388263887,5
image_8.png,5,False,135.33451881134403,122.04370638294458,20,#FF0000,Quadrant 1,1,1,37,,#FF0000,0,358.23533934386717,5
image_8.png,5,False,505.4697458937315,73.99172384091537,20,#FF0000,Quadrant 2,1,2,37,,#FF0000,0,160.52967471587496,5
image_8.png,5,False,319.07233551280723,285.73584157879685,20,#FF0000,Quadrant 3,2,1,37,,#FF0000,0,159.80701719639384,5
image_8.png,5,False,434.6326712349486,175.40751054720525,20,#FF0000,Quadrant 2,1,2,37,,#FF0000,0,328.178603104661,5
image_8.png,5,False,556.3282240637102,32.681348311644484,20,#FF0000,Quadrant 2,1,2,37,,#FF0000,0,230.20895177729292,5
image_8.png,5,False,290.87884950877253,204.9465153576007,20,#FF0000,Quadrant 3,2,1,37,,#FF0000,0,241.62620000172043,5
image_8.png,5,False,121.230854619085,22.771154016037535,20,#FF0000,Quadrant 1,1,1,37,,#FF0000,0,269.96327433428036,5
image_8.png,5,False,478.2032328048642,176.62932782734936,20,#FF0000,Quadrant 2,1,2,37,,#FF0000,0,305.52095158939244,5
image_8.png,5,False,665.1828400852647,23.241652464314118,20,#FF0000,Quadrant 2,1,2,37,,#FF0000,0,130.37420971563145,5
image_8.png,5,False,320.99664984449305,151.2245838539381,20,#FF0000,Quadrant 1,1,1,37,,#FF0000,0,55.23773882137492,5
image_9.png,2,True,406.4321052720541,211.1358352207175,20,#FF0000,Quadrant 4,2,2,57,15,#FF0000,0,274.7104098474886,5
image_9.png,5,False,458.54734759045573,105.35320486930442,20,#FF0000,Quadrant 2,1,2,57,,#FF0000,0,143.29225654288197,5
image_9.png,5,False,517.8799781813257,199.63861697694446,20,#FF0000,Quadrant 2,1,2,57,,#FF0000,0,40.841500530606496,5
image_9.png,5,False,397.99249771339686,109.95158375007342,20,#FF0000,Quadrant 2,1,2,57,,#FF0000,0,139.31545681413485,5
image_9.png,5,False,318.48217444746956,387.6260123944996,20,#FF0000,Quadrant 3,2,1,57,,#FF0000,0,93.70431761036521,5
image_9.png,5,False,642.4539686743562,196.6736738060967,20,#FF0000,Quadrant 2,1,2,57,,#FF0000,0,102.80767597133688,5
image_9.png,5,False,598.5973140747983,181.8721350227602,20,#FF0000,Quadrant 2,1,2,57,,#FF0000,0,44.14947188542951,5
image_9.png,5,False,317.6816117995515,44.18490013758834,20,#FF0000,Quadrant 1,1,1,57,,#FF0000,0,323.52445108304295,5
image_9.png,5,False,593.564119873568,131.8041778537887,20,#FF0000,Quadrant 2,1,2,57,,#FF0000,0,245.4945336902294,5
image_9.png,5,False,55.743024959773024,215.94077454326256,20,#FF0000,Quadrant 3,2,1,57,,#FF0000,0,125.07310610588323,5
image_9.png,5,False,597.5884529689038,280.0638413147264,20,#FF0000,Quadrant 4,2,2,57,,#FF0000,0,320.8794056474,5
image_9.png,5,False,450.3753155466072,311.01723309341105,20,#FF0000,Quadrant 4,2,2,57,,#FF0000,0,333.836804420344,5
image_9.png,5,False,94.61873154905679,86.97058030516521,20,#FF0000,Quadrant 1,1,1,57,,#FF0000,0,183.1520682627483,5
image_9.png,5,False,555.5670388965392,20.935362133524432,20,#FF0000,Quadrant 2,1,2,57,,#FF0000,0,49.995673933811666,5
image_9.png,5,False,265.1797930303411,314.78413253708567,20,#FF0000,Quadrant 3,2,1,57,,#FF0000,0,199.44771741345423,5
image_9.png,5,False,432.6324218455389,43.58945206443057,20,#FF0000,Quadrant 2,1,2,57,,#FF0000,0,198.5928962135139,5
image_9.png,5,False,699.7209852707925,282.732731438692,20,#FF0000,Quadrant 4,2,2,57,,#FF0000,0,111.34465831024637,5
image_9.png,5,False,540.9543752081669,322.22229301417167,20,#FF0000,Quadrant 4,2,2,57,,#FF0000,0,189.25043573890804,5
image_9.png,5,False,680.9696350129847,253.80398678805216,20,#FF0000,Quadrant 4,2,2,57,,#FF0000,0,26.550256648046048,5
image_9.png,5,False,479.5950945575613,141.2265871056205,20,#FF0000,Quadrant 2,1,2,57,,#FF0000,0,161.9908184386786,5
image_9.png,5,False,548.6011579695945,252.84210530059863,20,#FF0000,Quadrant 4,2,2,57,,#FF0000,0,316.0656545941482,5
image_9.png,5,False,676.7563190005995,174.5297122901865,20,#FF0000,Quadrant 2,1,2,57,,#FF0000,0,65.50672915876945,5
image_9.png,5,False,49.1794536622484,57.932903601546606,20,#FF0000,Quadrant 1,1,1,57,,#FF0000,0,327.8564175408794,5
image_9.png,5,False,124.44872804429552,132.96576393642204,20,#FF0000,Quadrant 1,1,1,57,,#FF0000,0,55.085568051672226,5
image_9.png,5,False,249.40990373355055,366.66173276412013,20,#FF0000,Quadrant 3,2,1,57,,#FF0000,0,255.35956771052852,5
image_9.png,5,False,593.8483235413914,105.72880679519565,20,#FF0000,Quadrant 2,1,2,57,,#FF0000,0,322.1733300556048,5
image_9.png,5,False,390.52973526788327,58.31437155796922,20,#FF0000,Quadrant 2,1,2,57,,#FF0000,0,228.62055289958852,5
image_9.png,5,False,378.5663625104142,200.9726487121973,20,#FF0000,Quadrant 4,2,2,57,,#FF0000,0,109.01685819919538,5
image_9.png,5,False,659.7672146414626,69.28543288047487,20,#FF0000,Quadrant 2,1,2,57,,#FF0000,0,60.708924629174454,5
image_9.png,5,False,507.5159774532811,239.74250717178134,20,#FF0000,Quadrant 4,2,2,57,,#FF0000,0,237.14383441815156,5
image_9.png,5,False,399.3328257231628,322.9393090494669,20,#FF0000,Quadrant 4,2,2,57,,#FF0000,0,303.31080148082003,5
image_9.png,5,False,42.32318246773462,253.46951138560812,20,#FF0000,Quadrant 3,2,1,57,,#FF0000,0,10.21445564359594,5
image_9.png,5,False,451.26493143191175,199.25838673145188,20,#FF0000,Quadrant 2,1,2,57,,#FF0000,0,149.97124211876863,5
image_9.png,5,False,210.5837715363064,372.6137642427651,20,#FF0000,Quadrant 3,2,1,57,,#FF0000,0,225.77904370731036,5
image_9.png,5,False,61.27841457318325,33.64712644930488,20,#FF0000,Quadrant 1,1,1,57,,#FF0000,0,107.07619371470723,5
image_9.png,5,False,344.6490286439705,88.12069912696471,20,#FF0000,Quadrant 1,1,1,57,,#FF0000,0,158.25797997134796,5
image_9.png,5,False,226.36934198113687,282.54117057250136,20,#FF0000,Quadrant 3,2,1,57,,#FF0000,0,218.3976946154291,5
image_9.png,5,False,604.0756050047302,379.6914203518247,20,#FF0000,Quadrant 4,2,2,57,,#FF0000,0,264.31191172963685,5
image_9.png,5,False,266.3021964566507,223.30415955288356,20,#FF0000,Quadrant 3,2,1,57,,#FF0000,0,47.07581455885913,5
image_9.png,5,False,332.3995986909985,112.10429294368095,20,#FF0000,Quadrant 1,1,1,57,,#FF0000,0,114.88171910513661,5
image_9.png,5,False,77.70322861423372,120.70013787862277,20,#FF0000,Quadrant 1,1,1,57,,#FF0000,0,89.25079770919642,5
image_9.png,5,False,434.9950590289744,104.84616598408853,20,#FF0000,Quadrant 2,1,2,57,,#FF0000,0,138.29394006057817,5
image_9.png,5,False,26.96846947106586,368.2979999381717,20,#FF0000,Quadrant 3,2,1,57,,#FF0000,0,111.07457353959455,5
image_9.png,5,False,677.0470884506556,92.32459171491914,20,#FF0000,Quadrant 2,1,2,57,,#FF0000,0,181.96000668855777,5
image_9.png,5,False,512.253055654621,299.7378568532321,20,#FF0000,Quadrant 4,2,2,57,,#FF0000,0,317.6840631306934,5
image_9.png,5,False,537.6744350332881,116.7344161418652,20,#FF0000,Quadrant 2,1,2,57,,#FF0000,0,181.53199048435368,5
image_9.png,5,False,479.79466304189503,55.910565455516846,20,#FF0000,Quadrant 2,1,2,57,,#FF0000,0,356.0726522234601,5
image_9.png,5,False,657.9355626322537,296.3768351266761,20,#FF0000,Quadrant 4,2,2,57,,#FF0000,0,122.07070798292351,5
image_9.png,5,False,325.86511734590016,240.16647746863796,20,#FF0000,Quadrant 3,2,1,57,,#FF0000,0,170.5478941422684,5
image_9.png,5,False,236.9684690215666,242.7397497624483,20,#FF0000,Quadrant 3,2,1,57,,#FF0000,0,185.58206357301142,5
image_9.png,5,False,242.76130853250638,324.0933878918881,20,#FF0000,Quadrant 3,2,1,57,,#FF0000,0,107.72436331019458,5
image_9.png,5,False,264.7985309975153,265.6988163548002,20,#FF0000,Quadrant 3,2,1,57,,#FF0000,0,293.6695799677767,5
image_9.png,5,False,485.0620756787097,21.072624576328945,20,#FF0000,Quadrant 2,1,2,57,,#FF0000,0,261.1167165186679,5
image_9.png,5,False,408.99009875042196,283.68924244800394,20,#FF0000,Quadrant 4,2,2,57,,#FF0000,0,279.41832906194594,5
image_9.png,5,False,128.4828105434483,248.77154115294746,20,#FF0000,Quadrant 3,2,1,57,,#FF0000,0,210.0683797371504,5
image_9.png,5,False,590.5641490962441,66.85921773752543,20,#FF0000,Quadrant 2,1,2,57,,#FF0000,0,223.1048899803922,5
image_9.png,5,False,24.047846212056058,129.57575874253325,20,#FF0000,Quadrant 1,1,1,57,,#FF0000,0,39.56238768013086,5
image_9.png,5,False,486.75467977286405,166.1226607239825,20,#FF0000,Quadrant 2,1,2,57,,#FF0000,0,54.51525292296436,5
image_10.png,2,True,612.3714014405887,289.1464885395616,20,#FF0000,Quadrant 4,2,2,79,15,#FF0000,0,331.38754196299584,6
image_10.png,5,False,106.13883270600984,89.3751644791305,20,#FF0000,Quadrant 1,1,1,79,,#FF0000,0,22.421262965195503,6
image_10.png,5,False,467.2742650031865,209.63036322921337,20,#FF0000,Quadrant 4,2,2,79,,#FF0000,0,117.01783239337972,6
image_10.png,5,False,130.3226900376988,355.7829328292759,20,#FF0000,Quadrant 3,2,1,79,,#FF0000,0,112.95093554561417,6
image_10.png,5,False,255.10373517627602,302.81213840822403,20,#FF0000,Quadrant 3,2,1,79,,#FF0000,0,123.23772636546461,6
image_10.png,5,False,454.239969899629,273.0724311912723,20,#FF0000,Quadrant 4,2,2,79,,#FF0000,0,259.53284207782536,6
image_10.png,5,False,143.47001253519554,104.18423322934223,20,#FF0000,Quadrant 1,1,1,79,,#FF0000,0,219.62756882835055,6
image_10.png,5,False,165.9333891770507,378.7602172292351,20,#FF0000,Quadrant 3,2,1,79,,#FF0000,0,200.9111942906655,6
image_10.png,5,False,210.12385067102866,89.35100645505402,20,#FF0000,Quadrant 1,1,1,79,,#FF0000,0,107.14124349968684,6
image_10.png,5,False,229.4410733177107,142.8475998480939,20,#FF0000,Quadrant 1,1,1,79,,#FF0000,0,253.79577350647082,6
image_10.png,5,False,559.0342902856078,114.36694889354992,20,#FF0000,Quadrant 2,1,2,79,,#FF0000,0,336.1321349174882,6
image_10.png,5,False,477.192727344174,154.5244020715166,20,#FF0000,Quadrant 2,1,2,79,,#FF0000,0,43.874678063777424,6
image_10.png,5,False,574.8620700299574,371.84215036197236,20,#FF0000,Quadrant 4,2,2,79,,#FF0000,0,352.8577934356904,6
image_10.png,5,False,211.1218772231326,119.72426913014489,20,#FF0000,Quadrant 1,1,1,79,,#FF0000,0,289.6617002243653,6
image_10.png,5,False,249.64446121187976,178.21817028490779,20,#FF0000,Quadrant 1,1,1,79,,#FF0000,0,257.0908634994223,6
image_10.png,5,False,341.0856122183569,87.38170672182547,20,#FF0000,Quadrant 1,1,1,79,,#FF0000,0,92.31983117045355,6
image_10.png,5,False,653.853490376699,274.15275164449895,20,#FF0000,Quadrant 4,2,2,79,,#FF0000,0,193.88805253511498,6
image_10.png,5,False,435.2014767115852,232.82192845976812,20,#FF0000,Quadrant 4,2,2,79,,#FF0000,0,49.418263728332256,6
image_10.png,5,False,47.16637261238986,167.22791636624177,20,#FF0000,Quadrant 1,1,1,79,,#FF0000,0,229.66004642710956,6
image_10.png,5,False,80.2754393915927,302.34956996114954,20,#FF0000,Quadrant 3,2,1,79,,#FF0000,0,258.24890025008773,6
image_10.png,5,False,390.1929178221559,362.19967910425163,20,#FF0000,Quadrant 4,2,2,79,,#FF0000,0,1.865320706566811,6
image_10.png,5,False,655.2371159327485,343.03505693237827,20,#FF0000,Quadrant 4,2,2,79,,#FF0000,0,146.48668255687804,6
image_10.png,5,False,456.02366542639595,354.2001704020653,20,#FF0000,Quadrant 4,2,2,79,,#FF0000,0,115.6203727629,6
image_10.png,5,False,406.5778803378322,213.28756066578256,20,#FF0000,Quadrant 4,2,2,79,,#FF0000,0,32.205859384145874,6
image_10.png,5,False,618.86678651057,77.44813144969005,20,#FF0000,Quadrant 2,1,2,79,,#FF0000,0,63.02331917314672,6
image_10.png,5,False,698.0513723279834,161.06394907719726,20,#FF0000,Quadrant 2,1,2,79,,#FF0000,0,331.06853226633626,6
image_10.png,5,False,656.3234251518786,374.68566167150345,20,#FF0000,Quadrant 4,2,2,79,,#FF0000,0,178.3382030358328,6
image_10.png,5,False,615.0760426954492,14.502989685477718,20,#FF0000,Quadrant 2,1,2,79,,#FF0000,0,333.3742912427195,6
image_10.png,5,False,84.93017594296768,382.5716898042404,20,#FF0000,Quadrant 3,2,1,79,,#FF0000,0,204.46627271921835,6
image_10.png,5,False,692.4895348911303,216.36758278453652,20,#FF0000,Quadrant 4,2,2,79,,#FF0000,0,102.44219484601666,6
image_10.png,5,False,143.84705341065492,53.580475665618394,20,#FF0000,Quadrant 1,1,1,79,,#FF0000,0,168.48747684226444,6
image_10.png,5,False,518.5297299941651,309.91017715274666,20,#FF0000,Quadrant 4,2,2,79,,#FF0000,0,67.03166488610438,6
image_10.png,5,False,532.7678149274597,77.33707743093966,20,#FF0000,Quadrant 2,1,2,79,,#FF0000,0,204.40124007153815,6
image_10.png,5,False,629.0624628691588,323.60215395444504,20,#FF0000,Quadrant 4,2,2,79,,#FF0000,0,308.2127415384448,6
image_10.png,5,False,70.76232342551722,263.9787125889627,20,#FF0000,Quadrant 3,2,1,79,,#FF0000,0,185.50103722552652,6
image_10.png,5,False,107.88158231203163,133.3214312921613,20,#FF0000,Quadrant 1,1,1,79,,#FF0000,0,66.5212323770424,6
image_10.png,5,False,668.3299928092348,125.13552740343036,20,#FF0000,Quadrant 2,1,2,79,,#FF0000,0,271.3523946413245,6
image_10.png,5,False,18.879220859781746,258.0923127525351,20,#FF0000,Quadrant 3,2,1,79,,#FF0000,0,260.2377102243591,6
image_10.png,5,False,53.803664610569385,55.688992469901635,20,#FF0000,Quadrant 1,1,1,79,,#FF0000,0,249.39669255218598,6
image_10.png,5,False,290.3320463352257,200.95273812811126,20,#FF0000,Quadrant 3,2,1,79,,#FF0000,0,110.45028312130312,6
image_10.png,5,False,495.75079718545436,128.5496644894016,20,#FF0000,Quadrant 2,1,2,79,,#FF0000,0,322.2426131338515,6
image_10.png,5,False,642.2138358510878,122.5242128590613,20,#FF0000,Quadrant 2,1,2,79,,#FF0000,0,42.26966850411947,6
image_10.png,5,False,526.1893027969402,239.96932237766822,20,#FF0000,Quadrant 4,2,2,79,,#FF0000,0,55.146803288104515,6
image_10.png,5,False,389.4225765758533,188.97301306037974,20,#FF0000,Quadrant 2,1,2,79,,#FF0000,0,149.70442155524088,6
image_10.png,5,False,468.5610687050284,93.55959336446921,20,#FF0000,Quadrant 2,1,2,79,,#FF0000,0,193.5063675695523,6
image_10.png,5,False,531.0155497604322,341.04505210836317,20,#FF0000,Quadrant 4,2,2,79,,#FF0000,0,89.08755455108799,6
image_10.png,5,False,318.809356495077,277.0235953089198,20,#FF0000,Quadrant 3,2,1,79,,#FF0000,0,29.47331033037895,6
image_10.png,5,False,399.71224964642414,34.34454197642647,20,#FF0000,Quadrant 2,1,2,79,,#FF0000,0,28.116979973078465,6
image_10.png,5,False,359.2805816477985,227.48123285813284,20,#FF0000,Quadrant 4,2,2,79,,#FF0000,0,197.15372953593533,6
image_10.png,5,False,237.07305240438026,207.6891025678495,20,#FF0000,Quadrant 3,2,1,79,,#FF0000,0,53.94685729766915,6
image_10.png,5,False,152.5216235366201,231.42982245070465,20,#FF0000,Quadrant 3,2,1,79,,#FF0000,0,41.84640798647912,6
image_10.png,5,False,362.64861892862297,316.6856074409956,20,#FF0000,Quadrant 4,2,2,79,,#FF0000,0,32.738992002607624,6
image_10.png,5,False,364.627763965931,183.66982381908915,20,#FF0000,Quadrant 2,1,2,79,,#FF0000,0,163.2356280647215,6
image_10.png,5,False,329.5786526541184,316.01400326556035,20,#FF0000,Quadrant 3,2,1,79,,#FF0000,0,20.785241135708915,6
image_10.png,5,False,283.8086611577944,319.61931940272336,20,#FF0000,Quadrant 3,2,1,79,,#FF0000,0,260.38082873700085,6
image_10.png,5,False,54.93057944522533,386.77874366027584,20,#FF0000,Quadrant 3,2,1,79,,#FF0000,0,124.03039196236844,6
image_10.png,5,False,58.5541917044562,363.9671626571038,20,#FF0000,Quadrant 3,2,1,79,,#FF0000,0,336.4498075985807,6
image_10.png,5,False,685.0716333127056,255.1429492407278,20,#FF0000,Quadrant 4,2,2,79,,#FF0000,0,275.69796585253624,6
image_10.png,5,False,635.7626776404305,152.99401177715131,20,#FF0000,Quadrant 2,1,2,79,,#FF0000,0,313.06330271185504,6
image_10.png,5,False,250.61345223887452,78.46303176355421,20,#FF0000,Quadrant 1,1,1,79,,#FF0000,0,235.27227543073272,6
image_10.png,5,False,375.3725097458224,286.13037726251645,20,#FF0000,Quadrant 4,2,2,79,,#FF0000,0,193.41305510328044,6
image_10.png,5,False,13.393100217041459,19.593953727703372,20,#FF0000,Quadrant 1,1,1,79,,#FF0000,0,80.16847774785593,6
image_10.png,5,False,200.92266245084272,365.34111650905527,20,#FF0000,Quadrant 3,2,1,79,,#FF0000,0,124.61750459554563,6
image_10.png,5,False,422.8737938480398,276.842208874943,20,#FF0000,Quadrant 4,2,2,79,,#FF0000,0,12.087459271541086,6
image_10.png,5,False,521.2328030726246,163.0563026065226,20,#FF0000,Quadrant 2,1,2,79,,#FF0000,0,17.523475647749677,6
image_10.png,5,False,160.6984858123343,337.4900317292813,20,#FF0000,Quadrant 3,2,1,79,,#FF0000,0,84.36214025552219,6
image_10.png,5,False,358.18423992030387,120.34158461178133,20,#FF0000,Quadrant 2,1,2,79,,#FF0000,0,20.319852608805938,6
image_10.png,5,False,109.70643913853345,260.5602962004609,20,#FF0000,Quadrant 3,2,1,79,,#FF0000,0,108.63519665191318,6
image_10.png,5,False,218.0451571388621,34.041986826356094,20,#FF0000,Quadrant 1,1,1,79,,#FF0000,0,79.57538656057172,6
image_10.png,5,False,617.1228708741154,355.57635760456577,20,#FF0000,Quadrant 4,2,2,79,,#FF0000,0,341.46729180961967,6
image_10.png,5,False,596.1959023271679,124.67836630456587,20,#FF0000,Quadrant 2,1,2,79,,#FF0000,0,170.46677534839918,6
image_10.png,5,False,178.32951758572457,87.86128509670056,20,#FF0000,Quadrant 1,1,1,79,,#FF0000,0,48.273390381268094,6
image_10.png,5,False,510.2388667796621,83.00205176681908,20,#FF0000,Quadrant 2,1,2,79,,#FF0000,0,33.28703874967091,6
image_10.png,5,False,475.15995331722456,238.9045330058707,20,#FF0000,Quadrant 4,2,2,79,,#FF0000,0,96.64617162779324,6
image_10.png,5,False,140.64450951966842,298.92124582906536,20,#FF0000,Quadrant 3,2,1,79,,#FF0000,0,314.50336505623426,6
image_10.png,5,False,240.41241015416784,372.75346947908247,20,#FF0000,Quadrant 3,2,1,79,,#FF0000,0,313.01058654883366,6
image_10.png,5,False,699.7051128352723,192.03209125741427,20,#FF0000,Quadrant 2,1,2,79,,#FF0000,0,42.233831799600416,6
image_10.png,5,False,427.4326569802802,88.30596804564381,20,#FF0000,Quadrant 2,1,2,79,,#FF0000,0,87.33354546446695,6
image_10.png,5,False,378.68493778980525,146.80011199849562,20,#FF0000,Quadrant 2,1,2,79,,#FF0000,0,137.03822797425212,6
image_10.png,5,False,398.57953722294013,94.64160916353315,20,#FF0000,Quadrant 2,1,2,79,,#FF0000,0,149.01486140830485,6
image_11.png,2,True,392.231667280558,231.76405786660328,20,#FF0000,Quadrant 4,2,2,19,15,#FF0000,0,5.83916436045377,4
image_11.png,5,False,214.3874860928316,85.16049387074318,20,#FF0000,Quadrant 1,1,1,19,,#FF0000,0,259.20429758972006,4
image_11.png,5,False,403.58497425308013,103.88594618988006,20,#FF0000,Quadrant 2,1,2,19,,#FF0000,0,82.8067053611749,4
image_11.png,5,False,661.0470715378174,138.59929936579996,20,#FF0000,Quadrant 2,1,2,19,,#FF0000,0,198.23131170614707,4
image_11.png,5,False,347.6599382677986,284.5049037379064,20,#FF0000,Quadrant 3,2,1,19,,#FF0000,0,274.8098252398751,4
image_11.png,5,False,107.43142619204532,217.5945122583476,20,#FF0000,Quadrant 3,2,1,19,,#FF0000,0,126.78342059951763,4
image_11.png,5,False,623.7721609736404,385.34229845258574,20,#FF0000,Quadrant 4,2,2,19,,#FF0000,0,66.2571982300563,4
image_11.png,5,False,371.9977022134107,328.16789057889287,20,#FF0000,Quadrant 4,2,2,19,,#FF0000,0,344.6052818085517,4
image_11.png,5,False,574.5991825789251,29.338441006243826,20,#FF0000,Quadrant 2,1,2,19,,#FF0000,0,26.758948119489236,4
image_11.png,5,False,105.73166451240556,249.40522291870283,20,#FF0000,Quadrant 3,2,1,19,,#FF0000,0,2.2981767986804025,4
image_11.png,5,False,115.0594264142101,93.67603618776083,20,#FF0000,Quadrant 1,1,1,19,,#FF0000,0,24.468458999552148,4
image_11.png,5,False,52.65013193107001,252.06140768552785,20,#FF0000,Quadrant 3,2,1,19,,#FF0000,0,164.16347722971622,4
image_11.png,5,False,639.8857523123,260.2094812721681,20,#FF0000,Quadrant 4,2,2,19,,#FF0000,0,336.20533959528035,4
image_11.png,5,False,377.6944021737755,166.48595610618344,20,#FF0000,Quadrant 2,1,2,19,,#FF0000,0,5.663436072919104,4
image_11.png,5,False,508.59078520012173,213.50900290524356,20,#FF0000,Quadrant 4,2,2,19,,#FF0000,0,6.021413136946769,4
image_11.png,5,False,658.4615079152126,78.76286590436253,20,#FF0000,Quadrant 2,1,2,19,,#FF0000,0,155.00635512337362,4
image_11.png,5,False,372.3015414445875,102.0862186145061,20,#FF0000,Quadrant 2,1,2,19,,#FF0000,0,330.49758400524405,4
image_11.png,5,False,184.91613726081482,144.97873612529597,20,#FF0000,Quadrant 1,1,1,19,,#FF0000,0,223.12110326829668,4
image_11.png,5,False,65.44425898814598,373.6145661881444,20,#FF0000,Quadrant 3,2,1,19,,#FF0000,0,286.17707955004806,4
image_11.png,5,False,178.5702390988957,274.55532748530834,20,#FF0000,Quadrant 3,2,1,19,,#FF0000,0,165.23918839842665,4
image_12.png,2,True,595.1804332997281,258.1121019933599,20,#FF0000,Quadrant 4,2,2,39,15,#FF0000,0,246.25498516933877,5
image_12.png,5,False,534.3546507718461,46.343191051447356,20,#FF0000,Quadrant 2,1,2,39,,#FF0000,0,308.95889724762736,5
image_12.png,5,False,391.81129183596005,32.21144699074904,20,#FF0000,Quadrant 2,1,2,39,,#FF0000,0,136.53504800633374,5
image_12.png,5,False,129.0832833273018,199.94647259663537,20,#FF0000,Quadrant 1,1,1,39,,#FF0000,0,3.4020621554870223,5
image_12.png,5,False,551.4352781343866,224.89380536549123,20,#FF0000,Quadrant 4,2,2,39,,#FF0000,0,156.20747470979842,5
image_12.png,5,False,76.70430463933302,210.64417217254294,20,#FF0000,Quadrant 3,2,1,39,,#FF0000,0,308.86571281092097,5
image_12.png,5,False,156.66635150445302,339.14818463984693,20,#FF0000,Quadrant 3,2,1,39,,#FF0000,0,15.318632742136238,5
image_12.png,5,False,338.6196981875933,28.60042494037896,20,#FF0000,Quadrant 1,1,1,39,,#FF0000,0,319.51955053241767,5
image_12.png,5,False,648.7279341457561,350.93980402697326,20,#FF0000,Quadrant 4,2,2,39,,#FF0000,0,26.76530157323439,5
image_12.png,5,False,33.669326525742136,362.0736845542612,20,#FF0000,Quadrant 3,2,1,39,,#FF0000,0,202.86355105727407,5
image_12.png,5,False,673.452271824568,232.8996473439366,20,#FF0000,Quadrant 4,2,2,39,,#FF0000,0,113.21448956159435,5
image_12.png,5,False,502.05815456510885,161.55589570935612,20,#FF0000,Quadrant 2,1,2,39,,#FF0000,0,270.8116091448714,5
image_12.png,5,False,122.92822274243234,101.89848944702041,20,#FF0000,Quadrant 1,1,1,39,,#FF0000,0,27.697496918884514,5
image_12.png,5,False,279.1289024761102,349.8867399270281,20,#FF0000,Quadrant 3,2,1,39,,#FF0000,0,300.4742016330307,5
image_12.png,5,False,509.94869979498293,200.2996979190601,20,#FF0000,Quadrant 4,2,2,39,,#FF0000,0,355.8520648490771,5
image_12.png,5,False,47.996841611754185,176.21935957484268,20,#FF0000,Quadrant 1,1,1,39,,#FF0000,0,350.7563978769587,5
image_12.png,5,False,245.668402321348,301.6841369721372,20,#FF0000,Quadrant 3,2,1,39,,#FF0000,0,301.922876740743,5
image_12.png,5,False,284.3284009738731,303.40375829763985,20,#FF0000,Quadrant 3,2,1,39,,#FF0000,0,343.7490228892797,5
image_12.png,5,False,199.32232272524135,386.1974620544014,20,#FF0000,Quadrant 3,2,1,39,,#FF0000,0,10.66523722025944,5
image_12.png,5,False,256.1539152193292,366.7519953989342,20,#FF0000,Quadrant 3,2,1,39,,#FF0000,0,176.61724419988556,5
image_12.png,5,False,479.3097572227415,260.7339810406229,20,#FF0000,Quadrant 4,2,2,39,,#FF0000,0,155.4652606462361,5
image_12.png,5,False,437.2263483890627,312.6648556974382,20,#FF0000,Quadrant 4,2,2,39,,#FF0000,0,30.849882349224863,5
image_12.png,5,False,67.52418866479937,69.29552434116596,20,#FF0000,Quadrant 1,1,1,39,,#FF0000,0,256.7190717642188,5
image_12.png,5,False,447.7577076725421,290.58969923315277,20,#FF0000,Quadrant 4,2,2,39,,#FF0000,0,256.203775720302,5
image_12.png,5,False,84.41358230305892,12.963794055871384,20,#FF0000,Quadrant 1,1,1,39,,#FF0000,0,114.00416232535302,5
image_12.png,5,False,258.9831556720118,112.97171554448809,20,#FF0000,Quadrant 1,1,1,39,,#FF0000,0,110.9762838490673,5
image_12.png,5,False,292.1424366322817,20.92699971702634,20,#FF0000,Quadrant 1,1,1,39,,#FF0000,0,199.70640021919237,5
image_12.png,5,False,75.12127545685328,237.06055556623514,20,#FF0000,Quadrant 3,2,1,39,,#FF0000,0,127.40914344429319,5
image_12.png,5,False,69.35796716375201,351.6294249557317,20,#FF0000,Quadrant 3,2,1,39,,#FF0000,0,139.60784137622173,5
image_12.png,5,False,273.324364183744,63.48154228665953,20,#FF0000,Quadrant 1,1,1,39,,#FF0000,0,61.04985242123718,5
image_12.png,5,False,301.1395121032692,194.03943666702497,20,#FF0000,Quadrant 1,1,1,39,,#FF0000,0,156.4834569345882,5
image_12.png,5,False,184.42111933655409,104.2110458351671,20,#FF0000,Quadrant 1,1,1,39,,#FF0000,0,27.691690102256572,5
image_12.png,5,False,420.1326082489252,84.91722900473846,20,#FF0000,Quadrant 2,1,2,39,,#FF0000,0,225.0121275968021,5
image_12.png,5,False,682.2412844116741,62.455050256584094,20,#FF0000,Quadrant 2,1,2,39,,#FF0000,0,309.42304815630064,5
image_12.png,5,False,663.6751772691041,86.92186272938311,20,#FF0000,Quadrant 2,1,2,39,,#FF0000,0,115.43945593503156,5
image_12.png,5,False,675.5919153123131,377.1781338202509,20,#FF0000,Quadrant 4,2,2,39,,#FF0000,0,113.10598123035889,5
image_12.png,5,False,178.03034048181485,153.1489042785276,20,#FF0000,Quadrant 1,1,1,39,,#FF0000,0,207.3165413849858,5
image_12.png,5,False,419.0444265985156,217.24779430041076,20,#FF0000,Quadrant 4,2,2,39,,#FF0000,0,202.98618310636294,5
image_12.png,5,False,390.0183191712588,371.2357431418199,20,#FF0000,Quadrant 4,2,2,39,,#FF0000,0,245.41654792683156,5
image_12.png,5,False,488.36350745447214,320.5689847056853,20,#FF0000,Quadrant 4,2,2,39,,#FF0000,0,104.87923487470631,5
image_13.png,2,True,106.89441553777851,125.47073886904118,20,#FF0000,Quadrant 1,1,1,53,15,#FF0000,0,242.27195486239458,5
image_13.png,5,False,117.20468854008516,170.94236703418952,20,#FF0000,Quadrant 1,1,1,53,,#FF0000,0,90.965406575193,5
image_13.png,5,False,320.4069706543737,237.01899709664818,20,#FF0000,Quadrant 3,2,1,53,,#FF0000,0,135.7166944937963,5
image_13.png,5,False,379.1791394282587,360.08139501443685,20,#FF0000,Quadrant 4,2,2,53,,#FF0000,0,209.6078469178813,5
image_13.png,5,False,299.2091770065691,24.89723201761025,20,#FF0000,Quadrant 1,1,1,53,,#FF0000,0,313.06814081233136,5
image_13.png,5,False,494.4260237813036,318.0482568066601,20,#FF0000,Quadrant 4,2,2,53,,#FF0000,0,348.63409466617264,5
image_13.png,5,False,641.0224603753727,52.34164274234047,20,#FF0000,Quadrant 2,1,2,53,,#FF0000,0,213.77517960775592,5
image_13.png,5,False,468.9740882784208,73.87595045988215,20,#FF0000,Quadrant 2,1,2,53,,#FF0000,0,89.363148784165,5
image_13.png,5,False,399.05878133107757,254.82179507676045,20,#FF0000,Quadrant 4,2,2,53,,#FF0000,0,220.56404483278695,5
image_13.png,5,False,677.1328710287693,136.34355338693365,20,#FF0000,Quadrant 2,1,2,53,,#FF0000,0,232.82769817011345,5
image_13.png,5,False,83.99579605659406,48.273279143893,20,#FF0000,Quadrant 1,1,1,53,,#FF0000,0,286.64318319383256,5
image_13.png,5,False,525.5817360390101,221.92151137766177,20,#FF0000,Quadrant 4,2,2,53,,#FF0000,0,79.92038863780681,5
image_13.png,5,False,163.29086622701152,152.4171966303044,20,#FF0000,Quadrant 1,1,1,53,,#FF0000,0,247.5591871670242,5
image_13.png,5,False,479.21373092039283,271.9853015629654,20,#FF0000,Quadrant 4,2,2,53,,#FF0000,0,166.7027550789952,5
image_13.png,5,False,698.4171778106962,193.48746993779878,20,#FF0000,Quadrant 2,1,2,53,,#FF0000,0,54.26817569276882,5
image_13.png,5,False,514.0738481626972,142.66823057751765,20,#FF0000,Quadrant 2,1,2,53,,#FF0000,0,299.2743880945699,5
image_13.png,5,False,551.3620282972722,207.9814056645783,20,#FF0000,Quadrant 4,2,2,53,,#FF0000,0,123.50400510370541,5
image_13.png,5,False,78.26226844561344,283.91371055972957,20,#FF0000,Quadrant 3,2,1,53,,#FF0000,0,125.38810678883276,5
image_13.png,5,False,57.283120288565364,27.89019391127139,20,#FF0000,Quadrant 1,1,1,53,,#FF0000,0,162.880989572461,5
image_13.png,5,False,26.56114437494441,140.68346417645088,20,#FF0000,Quadrant 1,1,1,53,,#FF0000,0,255.8804363118909,5
image_13.png,5,False,562.2345366421339,362.51068477268797,20,#FF0000,Quadrant 4,2,2,53,,#FF0000,0,39.370565442518576,5
image_13.png,5,False,366.5197984069457,219.62208955385756,20,#FF0000,Quadrant 4,2,2,53,,#FF0000,0,266.5762144908954,5
image_13.png,5,False,304.7685053153391,185.65647153289166,20,#FF0000,Quadrant 1,1,1,53,,#FF0000,0,119.1562759991409,5
image_13.png,5,False,444.9048597074097,81.45425775722423,20,#FF0000,Quadrant 2,1,2,53,,#FF0000,0,287.19208378953545,5
image_13.png,5,False,283.5562585302701,289.73280368843984,20,#FF0000,Quadrant 3,2,1,53,,#FF0000,0,236.6308480170995,5
image_13.png,5,False,158.99451639343425,116.21434593483087,20,#FF0000,Quadrant 1,1,1,53,,#FF0000,0,1.6020155974091477,5
image_13.png,5,False,380.91652828317376,149.2697651179306,20,#FF0000,Quadrant 2,1,2,53,,#FF0000,0,287.8208484792155,5
image_13.png,5,False,281.46281993721607,54.17972372111314,20,#FF0000,Quadrant 1,1,1,53,,#FF0000,0,139.91013392858974,5
image_13.png,5,False,326.4659438756323,76.21539991790843,20,#FF0000,Quadrant 1,1,1,53,,#FF0000,0,126.71457279016381,5
image_13.png,5,False,474.0838463030011,129.38421155923382,20,#FF0000,Quadrant 2,1,2,53,,#FF0000,0,212.46061139189234,5
image_13.png,5,False,91.57779483584811,152.1096948245094,20,#FF0000,Quadrant 1,1,1,53,,#FF0000,0,85.8861815179646,5
image_13.png,5,False,278.6511925545837,236.4489589938062,20,#FF0000,Quadrant 3,2,1,53,,#FF0000,0,50.88907557649128,5
image_13.png,5,False,644.3019267364159,362.8026864525827,20,#FF0000,Quadrant 4,2,2,53,,#FF0000,0,193.45653719928748,5
image_13.png,5,False,591.1278125400815,245.13697198230813,20,#FF0000,Quadrant 4,2,2,53,,#FF0000,0,67.35548878646495,5
image_13.png,5,False,666.8191038862093,194.1821715504685,20,#FF0000,Quadrant 2,1,2,53,,#FF0000,0,311.58800310830844,5
image_13.png,5,False,559.3619329360724,94.36015338011076,20,#FF0000,Quadrant 2,1,2,53,,#FF0000,0,203.54320772819108,5
image_13.png,5,False,400.7331677570572,303.0230072253763,20,#FF0000,Quadrant 4,2,2,53,,#FF0000,0,281.0664710747875,5
image_13.png,5,False,385.20015946210805,385.5577883621584,20,#FF0000,Quadrant 4,2,2,53,,#FF0000,0,96.44000738144432,5
image_13.png,5,False,532.4257210393969,298.28156147729254,20,#FF0000,Quadrant 4,2,2,53,,#FF0000,0,195.13561648234673,5
image_13.png,5,False,461.37980293986976,104.56695419947785,20,#FF0000,Quadrant 2,1,2,53,,#FF0000,0,264.95593114812266,5
image_13.png,5,False,33.20674246449454,110.34415495218406,20,#FF0000,Quadrant 1,1,1,53,,#FF0000,0,314.93154465967837,5
image_13.png,5,False,70.93129112958282,338.0797978022397,20,#FF0000,Quadrant 3,2,1,53,,#FF0000,0,310.3918651791087,5
image_13.png,5,False,571.5220773263538,315.4565064939652,20,#FF0000,Quadrant 4,2,2,53,,#FF0000,0,282.54575158941054,5
image_13.png,5,False,572.6596441463391,62.25260662978745,20,#FF0000,Quadrant 2,1,2,53,,#FF0000,0,324.0559038858693,5
image_13.png,5,False,592.2098474273503,159.44088361423758,20,#FF0000,Quadrant 2,1,2,53,,#FF0000,0,89.11970640816159,5
image_13.png,5,False,446.7249659161725,248.3132462544522,20,#FF0000,Quadrant 4,2,2,53,,#FF0000,0,51.181787907132424,5
image_13.png,5,False,63.03071232564393,311.35828239237725,20,#FF0000,Quadrant 3,2,1,53,,#FF0000,0,135.0620380246417,5
image_13.png,5,False,615.4716588578376,182.87495535013107,20,#FF0000,Quadrant 2,1,2,53,,#FF0000,0,250.09330166191606,5
image_13.png,5,False,411.96737027692757,339.44713436531373,20,#FF0000,Quadrant 4,2,2,53,,#FF0000,0,175.69601295757394,5
image_13.png,5,False,75.17460242369842,378.4728103525476,20,#FF0000,Quadrant 3,2,1,53,,#FF0000,0,304.9802373631347,5
image_13.png,5,False,285.02623318198937,376.9526032686613,20,#FF0000,Quadrant 3,2,1,53,,#FF0000,0,286.44405359322434,5
image_13.png,5,False,351.85859886573166,133.0430265450022,20,#FF0000,Quadrant 1,1,1,53,,#FF0000,0,296.94515314896796,5
image_13.png,5,False,388.09695892182197,60.36462661625231,20,#FF0000,Quadrant 2,1,2,53,,#FF0000,0,102.09350736135134,5
image_13.png,5,False,42.654675778798676,247.69585937492795,20,#FF0000,Quadrant 3,2,1,53,,#FF0000,0,274.41144807210065,5
image_14.png,2,True,651.3792511144426,70.71776866023305,20,#FF0000,Quadrant 2,1,2,59,15,#FF0000,0,5.86128685418799,5
image_14.png,5,False,694.3765465474418,172.70813572761622,20,#FF0000,Quadrant 2,1,2,59,,#FF0000,0,164.34652894916633,5
image_14.png,5,False,637.5815706617244,344.4518548078756,20,#FF0000,Quadrant 4,2,2,59,,#FF0000,0,358.4498647443434,5
image_14.png,5,False,613.477701422929,342.35292407556886,20,#FF0000,Quadrant 4,2,2,59,,#FF0000,0,108.67158157551201,5
image_14.png,5,False,259.33997916071274,42.15496060667142,20,#FF0000,Quadrant 1,1,1,59,,#FF0000,0,33.602394429234145,5
image_14.png,5,False,458.0998231027035,30.575589968391586,20,#FF0000,Quadrant 2,1,2,59,,#FF0000,0,239.2231721085913,5
image_14.png,5,False,511.20598243113676,296.47775537152864,20,#FF0000,Quadrant 4,2,2,59,,#FF0000,0,225.21753869938348,5
image_14.png,5,False,73.83623999243937,46.979430276234595,20,#FF0000,Quadrant 1,1,1,59,,#FF0000,0,154.52313867192478,5
image_14.png,5,False,64.69977916352565,235.41084980592237,20,#FF0000,Quadrant 3,2,1,59,,#FF0000,0,76.83162370063671,5
image_14.png,5,False,317.65107810049284,14.047651089248827,20,#FF0000,Quadrant 1,1,1,59,,#FF0000,0,186.9999316691889,5
image_14.png,5,False,94.08911865829474,336.20863072301944,20,#FF0000,Quadrant 3,2,1,59,,#FF0000,0,123.68669401227866,5
image_14.png,5,False,340.1354663506203,97.54191589951834,20,#FF0000,Quadrant 1,1,1,59,,#FF0000,0,249.85116040395985,5
image_14.png,5,False,566.304258507284,50.01017955278497,20,#FF0000,Quadrant 2,1,2,59,,#FF0000,0,32.15918915774536,5
image_14.png,5,False,217.18692058683993,155.6685568568711,20,#FF0000,Quadrant 1,1,1,59,,#FF0000,0,132.32220826414255,5
image_14.png,5,False,613.5286365429889,253.5157841394199,20,#FF0000,Quadrant 4,2,2,59,,#FF0000,0,292.81245254827144,5
image_14.png,5,False,124.07630280575528,143.7489577165194,20,#FF0000,Quadrant 1,1,1,59,,#FF0000,0,219.71492613857444,5
image_14.png,5,False,526.5572282619534,358.71997911949705,20,#FF0000,Quadrant 4,2,2,59,,#FF0000,0,76.69996251246936,5
image_14.png,5,False,315.80248604352903,93.11848824298437,20,#FF0000,Quadrant 1,1,1,59,,#FF0000,0,221.78736453625424,5
image_14.png,5,False,107.46905454572324,57.553430101714554,20,#FF0000,Quadrant 1,1,1,59,,#FF0000,0,322.7734604192334,5
image_14.png,5,False,253.20805622397626,173.30894429149018,20,#FF0000,Quadrant 1,1,1,59,,#FF0000,0,262.8032936025522,5
image_14.png,5,False,181.72481234990587,254.66657477502534,20,#FF0000,Quadrant 3,2,1,59,,#FF0000,0,284.7875980313038,5
image_14.png,5,False,425.08835355494483,283.60590348892055,20,#FF0000,Quadrant 4,2,2,59,,#FF0000,0,89.34012978689958,5
image_14.png,5,False,659.5413998718412,21.13962552326329,20,#FF0000,Quadrant 2,1,2,59,,#FF0000,0,102.57149160227979,5
image_14.png,5,False,614.4449325713247,88.65848146162305,20,#FF0000,Quadrant 2,1,2,59,,#FF0000,0,304.945207514062,5
image_14.png,5,False,551.0393021081518,311.048095992698,20,#FF0000,Quadrant 4,2,2,59,,#FF0000,0,232.62111887071197,5
image_14.png,5,False,276.87516101211594,102.12890361876931,20,#FF0000,Quadrant 1,1,1,59,,#FF0000,0,86.16278751313371,5
image_14.png,5,False,59.927269168119054,346.9378716168511,20,#FF0000,Quadrant 3,2,1,59,,#FF0000,0,229.70963875811336,5
image_14.png,5,False,259.7966646512889,130.6266619107837,20,#FF0000,Quadrant 1,1,1,59,,#FF0000,0,4.344124460799308,5
image_14.png,5,False,589.0526057005978,170.0864159474217,20,#FF0000,Quadrant 2,1,2,59,,#FF0000,0,139.2617695770639,5
image_14.png,5,False,130.03874507187433,189.04352862226386,20,#FF0000,Quadrant 1,1,1,59,,#FF0000,0,196.68823961808636,5
image_14.png,5,False,159.64688463837433,359.73497121674734,20,#FF0000,Quadrant 3,2,1,59,,#FF0000,0,4.965633261104667,5
image_14.png,5,False,539.5387904586839,171.1114388949008,20,#FF0000,Quadrant 2,1,2,59,,#FF0000,0,256.5464673964502,5
image_14.png,5,False,452.33019164721037,214.2337253754272,20,#FF0000,Quadrant 4,2,2,59,,#FF0000,0,144.81986783201998,5
image_14.png,5,False,682.3019218202933,69.73255560364936,20,#FF0000,Quadrant 2,1,2,59,,#FF0000,0,331.5329491581849,5
image_14.png,5,False,454.1334983598686,128.244068504121,20,#FF0000,Quadrant 2,1,2,59,,#FF0000,0,233.94223187252913,5
image_14.png,5,False,667.9118759573737,101.2049327335391,20,#FF0000,Quadrant 2,1,2,59,,#FF0000,0,157.49497549820703,5
image_14.png,5,False,48.91471896395717,262.77808080881937,20,#FF0000,Quadrant 3,2,1,59,,#FF0000,0,220.42684599145997,5
image_14.png,5,False,132.02002760988643,15.787359249490695,20,#FF0000,Quadrant 1,1,1,59,,#FF0000,0,236.89884980497467,5
image_14.png,5,False,18.820565558080936,198.64408849358648,20,#FF0000,Quadrant 1,1,1,59,,#FF0000,0,49.396247063129096,5
image_14.png,5,False,367.36653844623345,321.9075978878838,20,#FF0000,Quadrant 4,2,2,59,,#FF0000,0,124.81384596438652,5
image_14.png,5,False,267.21803788434846,294.415473187453,20,#FF0000,Quadrant 3,2,1,59,,#FF0000,0,93.3289061494668,5
image_14.png,5,False,515.9927920754236,55.62544026673322,20,#FF0000,Quadrant 2,1,2,59,,#FF0000,0,314.4456203040124,5
image_14.png,5,False,192.1723094194435,379.5691221801514,20,#FF0000,Quadrant 3,2,1,59,,#FF0000,0,188.58751612152093,5
image_14.png,5,False,352.84567499631095,204.07555042301738,20,#FF0000,Quadrant 3,2,1,59,,#FF0000,0,225.91181984353966,5
image_14.png,5,False,90.46485283501926,291.01482580852365,20,#FF0000,Quadrant 3,2,1,59,,#FF0000,0,242.6833553627149,5
image_14.png,5,False,602.6367272850703,15.644891608062744,20,#FF0000,Quadrant 2,1,2,59,,#FF0000,0,0.9246621717038872,5
image_14.png,5,False,261.77980597222484,358.8456341082752,20,#FF0000,Quadrant 3,2,1,59,,#FF0000,0,16.55335076030529,5
image_14.png,5,False,502.9603323289659,258.85584529132836,20,#FF0000,Quadrant 4,2,2,59,,#FF0000,0,289.1215751247194,5
image_14.png,5,False,182.05333333314056,357.19310112497834,20,#FF0000,Quadrant 3,2,1,59,,#FF0000,0,80.82551297432722,5
image_14.png,5,False,580.1119299356951,227.04059386939915,20,#FF0000,Quadrant 4,2,2,59,,#FF0000,0,115.17664952317523,5
image_14.png,5,False,366.36837604041506,28.361009706869833,20,#FF0000,Quadrant 2,1,2,59,,#FF0000,0,80.34662194223466,5
image_14.png,5,False,225.07076631866644,43.65372747978975,20,#FF0000,Quadrant 1,1,1,59,,#FF0000,0,278.4698926221187,5
image_14.png,5,False,520.567854859325,102.69674956324911,20,#FF0000,Quadrant 2,1,2,59,,#FF0000,0,282.42259822344295,5
image_14.png,5,False,680.6099864089899,388.16352994775633,20,#FF0000,Quadrant 4,2,2,59,,#FF0000,0,132.57850597060275,5
image_14.png,5,False,515.6672390133547,217.59939370648766,20,#FF0000,Quadrant 4,2,2,59,,#FF0000,0,279.3189441438918,5
image_14.png,5,False,114.74023361052838,363.4462672993067,20,#FF0000,Quadrant 3,2,1,59,,#FF0000,0,286.5504748243516,5
image_14.png,5,False,384.12464276467205,251.3860153359098,20,#FF0000,Quadrant 4,2,2,59,,#FF0000,0,8.607692151361576,5
image_14.png,5,False,17.61083103144384,137.63656518275027,20,#FF0000,Quadrant 1,1,1,59,,#FF0000,0,249.64589026414976,5
image_14.png,5,False,152.37892293216422,382.6177504362713,20,#FF0000,Quadrant 3,2,1,59,,#FF0000,0,110.703829507691,5
image_14.png,5,False,326.8775816669184,293.7059727616095,20,#FF0000,Quadrant 3,2,1,59,,#FF0000,0,322.4080584503495,5
