video_filename,condition,bin_x,source_image,status,image_condition,shape_type,target,center_x,center_y,size,color,quadrant,row,column,num_distractors,num_images,distractor_color,color_bin_index,rotation_angle,bin_group,trial_index,condition,bin_y,sample,success,failure_type,err_no_distractors,err_no_target,err_wrong_manip,err_new_target_id,err_new_target_unid,err_extra_distractors,err_font_change,err_rotation,err_movement,err_enlarge_target,err_enlarge_distractors,err_target_centre,err_circular_motion,err_merging,err_id_change_before,err_id_change_after,err_vanishing,notes,coder,timestamp,fidelity_omission,fidelity_temporal,fidelity_missing,fidelity_size_style,fidelity_movement,fidelity_manipulation,fidelity_addition,fidelity_incorrect,fidelity_score_total
2Among5Colour_Bin3_Sample6.mp4,2Among5Colour,3.0,image_1.png,submitted,image_1.png_2Among5Colour,2,True,470.5171199278891,144.69052388432573,20,#FF0000,Quadrant 2,1,2,12,151.0,#FF0000,0.0,245.54400779180753,3,17,2Among5Colour,3,6,0,new_generation,0,0,0,1,0,1,1,0,1,1,0,0,1,0,0,0,1,,ER_01,2026-03-31T09:41:00.268Z,0,1,1,2,1,3,2,5,6
2Among5Colour_Bin4_Sample2.mp4,2Among5Colour,4.0,image_3.png,submitted,image_3.png_2Among5Colour,2,True,218.35446357567452,218.12026656529392,20,#FF0000,Quadrant 3,2,1,22,151.0,#FF0000,0.0,221.585369742497,4,19,2Among5Colour,4,2,0,ambiguity,0,0,0,0,0,1,1,0,1,1,0,0,1,0,0,0,0,,ER_01,2026-03-31T09:43:07.577Z,0,0,0,2,1,3,1,4,4
2Among5Colour_Bin3_Sample3.mp4,2Among5Colour,3.0,image_4.png,submitted,image_4.png_2Among5Colour,2,True,170.33915953272069,273.31302904904175,20,#FF0000,Quadrant 3,2,1,10,151.0,#FF0000,0.0,49.81466214581606,3,14,2Among5Colour,3,3,1,,0,0,0,0,0,1,1,1,0,1,0,0,0,0,0,0,0,,ER_01,2026-03-31T09:32:55.200Z,0,0,0,2,1,3,1,4,4
2Among5Colour_Bin5_Sample5.mp4,2Among5Colour,5.0,image_7.png,submitted,image_7.png_2Among5Colour,2,True,306.15245111873895,151.07579121042522,20,#FF0000,Quadrant 1,1,1,35,151.0,#FF0000,0.0,124.99335551104164,5,28,2Among5Colour,5,5,0,ambiguity,0,0,0,0,0,1,1,1,0,1,0,0,1,0,0,0,1,,ER_01,2026-03-31T09:53:20.196Z,0,1,1,2,1,3,1,4,5
2Among5Colour_Bin6_Sample2.mp4,2Among5Colour,6.0,image_20.png,submitted,image_20.png_2Among5Colour,2,True,143.47001253519554,104.18423322934224,20,#FF0000,Quadrant 1,1,1,81,151.0,#FF0000,0.0,219.62756882835055,6,31,2Among5Colour,6,2,1,,0,0,0,0,0,0,1,1,0,1,0,0,1,0,0,0,0,,ER_01,2026-03-31T09:55:41.325Z,0,0,0,2,1,3,0,3,3
2Among5Colour_Bin1_Sample1.mp4,2Among5Colour,1.0,image_23.png,submitted,image_23.png_2Among5Colour,2,True,261.77980597222484,358.8456341082752,20,#FF0000,Quadrant 3,2,1,2,151.0,#FF0000,0.0,16.55335076030529,1,0,2Among5Colour,1,1,1,,0,0,0,0,0,1,1,1,0,1,1,1,0,0,0,0,0,,ER_01,2026-03-31T09:18:42.248Z,0,0,0,3,2,5,1,6,6
2Among5Colour_Bin4_Sample1.mp4,2Among5Colour,4.0,image_25.png,submitted,image_25.png_2Among5Colour,2,True,387.57931815812174,311.8779985655692,20,#FF0000,Quadrant 4,2,2,23,151.0,#FF0000,0.0,263.68680122613597,4,18,2Among5Colour,4,1,1,,0,0,0,0,0,0,1,1,1,1,0,0,0,0,0,0,0,,ER_01,2026-03-31T09:41:30.639Z,0,0,0,2,2,4,0,4,4
2Among5Colour_Bin2_Sample1.mp4,2Among5Colour,2.0,image_28.png,submitted,image_28.png_2Among5Colour,2,True,629.8075552796618,46.19357107389954,20,#FF0000,Quadrant 2,1,2,5,151.0,#FF0000,0.0,196.9366531004033,2,6,2Among5Colour,2,1,0,new_generation,0,0,0,1,0,1,0,1,1,1,1,0,1,0,0,0,0,new distractors / ambiguity in circling new target,ER_01,2026-03-31T09:24:31.537Z,0,0,0,2,2,4,2,6,6
2Among5Colour_Bin6_Sample6.mp4,2Among5Colour,6.0,image_32.png,submitted,image_32.png_2Among5Colour,2,True,472.52276280966333,138.87764258846397,20,#FF0000,Quadrant 2,1,2,79,151.0,#FF0000,0.0,352.04240071828747,6,35,2Among5Colour,6,6,1,,0,0,0,0,0,0,0,0,0,1,0,0,0,0,0,0,0,,ER_01,2026-03-31T09:59:07.969Z,0,0,0,1,0,1,0,1,1
2Among5Colour_Bin1_Sample2.mp4,2Among5Colour,1.0,image_34.png,submitted,image_34.png_2Among5Colour,2,True,61.39661021724108,264.8970241655642,20,#FF0000,Quadrant 3,2,1,4,151.0,#FF0000,0.0,232.0828249892537,1,1,2Among5Colour,1,2,0,new_generation,0,0,0,1,0,0,0,0,1,0,0,1,0,0,0,0,0,,ER_01,2026-03-31T09:19:46.238Z,0,0,0,0,2,2,1,3,3
2Among5Colour_Bin6_Sample1.mp4,2Among5Colour,6.0,image_35.png,submitted,image_35.png_2Among5Colour,2,True,116.0001288552979,225.27379554345097,20,#FF0000,Quadrant 3,2,1,84,151.0,#FF0000,0.0,249.64492656514923,6,30,2Among5Colour,6,1,0,ambiguity,0,0,0,0,0,0,1,1,1,1,0,1,1,0,0,0,0,,ER_01,2026-03-31T09:54:54.435Z,0,0,0,2,3,5,0,5,5
2Among5Colour_Bin1_Sample4.mp4,2Among5Colour,1.0,image_36.png,submitted,image_36.png_2Among5Colour,2,True,537.5642625058781,215.67715483994328,20,#FF0000,Quadrant 4,2,2,4,151.0,#FF0000,0.0,220.9777110992709,1,3,2Among5Colour,1,4,1,,0,0,0,0,0,1,1,1,0,1,0,1,1,0,0,0,1,,ER_01,2026-03-31T09:21:42.837Z,0,1,1,2,2,4,1,5,6
2Among5Colour_Bin3_Sample5.mp4,2Among5Colour,3.0,image_43.png,submitted,image_43.png_2Among5Colour,2,True,577.1502773989411,251.7283167002239,20,#FF0000,Quadrant 4,2,2,16,151.0,#FF0000,0.0,268.4195027959098,3,16,2Among5Colour,3,5,0,ambiguity,0,0,0,0,0,1,1,1,0,1,0,0,1,0,0,0,1,,ER_01,2026-03-31T09:37:55.968Z,0,1,1,2,1,3,1,4,5
2Among5Colour_Bin5_Sample2.mp4,2Among5Colour,5.0,image_51.png,submitted,image_51.png_2Among5Colour,2,True,466.48453645303186,207.54068908201347,20,#FF0000,Quadrant 4,2,2,39,151.0,#FF0000,0.0,273.66171976585844,5,25,2Among5Colour,5,2,0,ambiguity,0,0,0,0,0,1,1,1,0,1,0,0,1,0,0,0,0,,ER_01,2026-03-31T09:49:22.181Z,0,0,0,2,1,3,1,4,4
2Among5Colour_Bin4_Sample6.mp4,2Among5Colour,4.0,image_52.png,submitted,image_52.png_2Among5Colour,2,True,583.0177082030024,35.35360616165837,20,#FF0000,Quadrant 2,1,2,30,151.0,#FF0000,0.0,114.71514485528272,4,23,2Among5Colour,4,6,0,ambiguity,0,0,0,0,0,0,1,1,0,1,0,0,1,0,0,0,0,,ER_01,2026-03-31T09:45:58.598Z,0,0,0,2,1,3,0,3,3
2Among5Colour_Bin1_Sample5.mp4,2Among5Colour,1.0,image_53.png,submitted,image_53.png_2Among5Colour,2,True,359.86448009108767,144.0016990087111,20,#FF0000,Quadrant 2,1,2,2,151.0,#FF0000,0.0,251.453587516764,1,4,2Among5Colour,1,5,1,,0,0,0,0,0,0,1,1,0,1,0,0,0,0,0,0,0,distractor identity change,ER_01,2026-03-31T09:22:38.383Z,0,0,0,2,1,3,0,3,3
2Among5Colour_Bin6_Sample5.mp4,2Among5Colour,6.0,image_55.png,submitted,image_55.png_2Among5Colour,2,True,595.6966038311981,289.61560245405104,20,#FF0000,Quadrant 4,2,2,92,151.0,#FF0000,0.0,352.61529765760093,6,34,2Among5Colour,6,5,0,ambiguity,0,0,0,0,0,0,1,0,0,1,0,0,1,0,0,0,0,,ER_01,2026-03-31T09:58:02.146Z,0,0,0,2,0,2,0,2,2
2Among5Colour_Bin1_Sample3.mp4,2Among5Colour,1.0,image_62.png,submitted,image_62.png_2Among5Colour,2,True,259.18166676011947,28.295119140355876,20,#FF0000,Quadrant 1,1,1,3,151.0,#FF0000,0.0,5.986909480093603,1,2,2Among5Colour,1,3,1,,0,0,0,0,0,1,1,0,0,0,0,1,0,0,0,0,1,,ER_01,2026-03-31T09:20:37.038Z,0,1,1,1,1,2,1,3,4
2Among5Colour_Bin5_Sample1.mp4,2Among5Colour,5.0,image_64.png,submitted,image_64.png_2Among5Colour,2,True,686.1163042256851,131.8250498886718,20,#FF0000,Quadrant 2,1,2,45,151.0,#FF0000,0.0,304.96269479194575,5,24,2Among5Colour,5,1,0,new_generation,0,0,0,1,0,0,1,0,1,1,0,0,1,0,0,0,0,,ER_01,2026-03-31T09:48:51.404Z,0,0,0,2,1,3,1,4,4
2Among5Colour_Bin2_Sample5.mp4,2Among5Colour,2.0,image_69.png,submitted,image_69.png_2Among5Colour,2,True,33.30071945928722,112.74550871658975,20,#FF0000,Quadrant 1,1,1,6,151.0,#FF0000,0.0,229.8200259693912,2,10,2Among5Colour,2,5,1,,0,0,0,0,0,1,1,1,2,1,0,0,0,0,0,0,1,,ER_01,2026-03-31T09:29:40.338Z,0,1,1,2,3,5,1,6,7
2Among5Colour_Bin2_Sample3.mp4,2Among5Colour,2.0,image_70.png,submitted,image_70.png_2Among5Colour,2,True,274.2749831722724,232.6434009254803,20,#FF0000,Quadrant 3,2,1,5,151.0,#FF0000,0.0,211.3831833495568,2,8,2Among5Colour,2,3,1,,0,0,0,0,0,1,1,1,0,1,0,1,0,0,0,0,0,,ER_01,2026-03-31T09:28:02.700Z,0,0,0,2,2,4,1,5,5
2Among5Colour_Bin5_Sample3.mp4,2Among5Colour,5.0,image_72.png,submitted,image_72.png_2Among5Colour,2,True,454.48629326148017,334.606959295547,20,#FF0000,Quadrant 4,2,2,34,151.0,#FF0000,0.0,102.61328910604912,5,26,2Among5Colour,5,3,1,,0,0,0,0,0,0,1,1,0,1,0,0,1,0,0,0,0,,ER_01,2026-03-31T09:49:45.163Z,0,0,0,2,1,3,0,3,3
2Among5Colour_Bin4_Sample3.mp4,2Among5Colour,4.0,image_82.png,submitted,image_82.png_2Among5Colour,2,True,30.955195065222128,112.27522116773008,20,#FF0000,Quadrant 1,1,1,30,151.0,#FF0000,0.0,247.39989522508984,4,20,2Among5Colour,4,3,0,new_generation,0,0,0,0,0,0,1,0,0,1,0,0,1,0,0,0,0,,ER_01,2026-03-31T09:44:02.949Z,0,0,0,2,0,2,0,2,2
2Among5Colour_Bin4_Sample4.mp4,2Among5Colour,4.0,image_87.png,submitted,image_87.png_2Among5Colour,2,True,122.19031955601844,150.5063135424012,20,#FF0000,Quadrant 1,1,1,23,151.0,#FF0000,0.0,306.11124492253686,4,21,2Among5Colour,4,4,0,ambiguity,0,0,0,0,0,0,1,1,1,1,0,1,0,0,0,0,0,,ER_01,2026-03-31T09:44:51.783Z,0,0,0,2,3,5,0,5,5
2Among5Colour_Bin3_Sample1.mp4,2Among5Colour,3.0,image_96.png,submitted,image_96.png_2Among5Colour,2,True,402.4061941367259,152.68801522878974,20,#FF0000,Quadrant 2,1,2,9,151.0,#FF0000,0.0,288.01374231168785,3,12,2Among5Colour,3,1,0,ambiguity,0,0,0,0,0,1,1,1,0,1,0,1,0,0,0,0,1,,ER_01,2026-03-31T09:31:39.633Z,0,1,1,2,2,4,1,5,6
2Among5Colour_Bin2_Sample6.mp4,2Among5Colour,2.0,image_110.png,submitted,image_110.png_2Among5Colour,2,True,156.06707942358702,185.36639602643623,20,#FF0000,Quadrant 1,1,1,7,151.0,#FF0000,0.0,239.85193131550753,2,11,2Among5Colour,2,6,0,new_generation,0,0,0,1,0,1,1,0,1,1,0,1,0,0,0,0,0,,ER_01,2026-03-31T09:30:25.267Z,0,0,0,2,2,4,2,6,6
2Among5Colour_Bin6_Sample3.mp4,2Among5Colour,6.0,image_111.png,submitted,image_111.png_2Among5Colour,2,True,280.2572579677078,141.44237332767932,20,#FF0000,Quadrant 1,1,1,67,151.0,#FF0000,0.0,131.1153597857888,6,32,2Among5Colour,6,3,1,,0,0,0,0,0,1,1,1,0,1,0,1,1,0,0,0,0,,ER_01,2026-03-31T09:56:16.490Z,0,0,0,2,2,4,1,5,5
2Among5Colour_Bin5_Sample6.mp4,2Among5Colour,5.0,image_124.png,submitted,image_124.png_2Among5Colour,2,True,440.41171336137654,34.96897142910015,20,#FF0000,Quadrant 2,1,2,37,151.0,#FF0000,0.0,152.969196497945,5,29,2Among5Colour,5,6,0,new_generation,0,0,0,1,0,0,1,0,0,1,0,0,1,0,0,0,0,,ER_01,2026-03-31T09:53:41.964Z,0,0,0,2,0,2,1,3,3
2Among5Colour_Bin2_Sample4.mp4,2Among5Colour,2.0,image_130.png,submitted,image_130.png_2Among5Colour,2,True,202.8493831009345,337.7873243664281,20,#FF0000,Quadrant 3,2,1,6,151.0,#FF0000,0.0,297.8210899901723,2,9,2Among5Colour,2,4,1,,0,0,0,0,0,1,1,1,0,0,0,0,0,1,0,0,1,,ER_01,2026-03-31T09:28:48.401Z,0,1,1,2,1,3,1,4,5
2Among5Colour_Bin5_Sample4.mp4,2Among5Colour,5.0,image_131.png,submitted,image_131.png_2Among5Colour,2,True,56.412737463370874,308.22184730202997,20,#FF0000,Quadrant 3,2,1,56,151.0,#FF0000,0.0,2.24891821540381,5,27,2Among5Colour,5,4,0,ambiguity,0,0,0,0,0,0,1,1,0,1,0,0,1,0,0,0,0,,ER_01,2026-03-31T09:50:38.444Z,0,0,0,2,1,3,0,3,3
2Among5Colour_Bin6_Sample4.mp4,2Among5Colour,6.0,image_135.png,submitted,image_135.png_2Among5Colour,2,True,338.38132837405504,216.89532414745383,20,#FF0000,Quadrant 3,2,1,98,151.0,#FF0000,0.0,192.51545715175175,6,33,2Among5Colour,6,4,0,ambiguity,0,0,0,0,0,0,1,1,0,1,0,0,0,0,0,0,0,,ER_01,2026-03-31T09:57:12.234Z,0,0,0,2,1,3,0,3,3
2Among5Colour_Bin1_Sample6.mp4,2Among5Colour,1.0,image_137.png,submitted,image_137.png_2Among5Colour,2,True,365.6762988081144,160.12042597731107,20,#FF0000,Quadrant 2,1,2,2,151.0,#FF0000,0.0,238.6372830748819,1,5,2Among5Colour,1,6,1,,0,0,0,0,0,0,1,1,0,1,1,0,0,0,0,0,0,,ER_01,2026-03-31T09:23:17.070Z,0,0,0,3,1,4,0,4,4
2Among5Colour_Bin3_Sample4.mp4,2Among5Colour,3.0,image_140.png,submitted,image_140.png_2Among5Colour,2,True,555.2463100343084,311.4363030196332,20,#FF0000,Quadrant 4,2,2,14,151.0,#FF0000,0.0,291.91866632996016,3,15,2Among5Colour,3,4,0,ambiguity,0,0,0,0,0,1,1,1,1,1,0,0,1,0,0,0,0,,ER_01,2026-03-31T09:36:18.568Z,0,0,0,2,2,4,1,5,5
2Among5Colour_Bin3_Sample2.mp4,2Among5Colour,3.0,image_142.png,submitted,image_142.png_2Among5Colour,2,True,217.243096315788,281.13151858950084,20,#FF0000,Quadrant 3,2,1,9,151.0,#FF0000,0.0,316.55505931993156,3,13,2Among5Colour,3,2,1,,0,0,0,0,0,1,0,0,0,0,0,0,1,0,0,0,0,,ER_01,2026-03-31T09:32:16.866Z,0,0,0,0,0,0,1,1,1
2Among5Colour_Bin2_Sample2.mp4,2Among5Colour,2.0,image_143.png,submitted,image_143.png_2Among5Colour,2,True,604.0734080958338,321.1154929844052,20,#FF0000,Quadrant 4,2,2,5,151.0,#FF0000,0.0,234.2381483342678,2,7,2Among5Colour,2,2,1,,0,0,0,0,0,1,1,1,0,1,0,0,0,0,0,0,0,,ER_01,2026-03-31T09:25:19.368Z,0,0,0,2,1,3,1,4,4
2Among5Colour_Bin4_Sample5.mp4,2Among5Colour,4.0,image_148.png,submitted,image_148.png_2Among5Colour,2,True,651.7473107229664,305.4756195044958,20,#FF0000,Quadrant 4,2,2,22,151.0,#FF0000,0.0,20.19259733207551,4,22,2Among5Colour,4,5,1,,0,0,0,0,0,1,0,0,0,0,0,0,0,0,0,0,0,,ER_01,2026-03-31T09:45:26.799Z,0,0,0,0,0,0,1,1,1
2Among5NoColour_Bin3_Sample3.mp4,2Among5NoColour,3.0,image_6.png,submitted,image_6.png_2Among5NoColour,2,True,272.2179625236899,295.2597133037087,20,#FF0000,Quadrant 3,2,1,14,180.0,#FF0000,0.0,274.04269484184977,3,86,2Among5NoColour,3,3,0,new_generation,0,0,0,1,0,1,1,0,0,1,0,1,1,1,0,0,0,,ER_01,2026-03-31T10:53:12.408Z,0,0,0,3,1,4,2,6,6
2Among5NoColour_Bin1_Sample4.mp4,2Among5NoColour,1.0,image_26.png,submitted,image_26.png_2Among5NoColour,2,True,53.490068116236685,306.2028775320233,20,#FF0000,Quadrant 3,2,1,2,180.0,#FF0000,0.0,43.72317198145754,1,75,2Among5NoColour,1,4,0,ambiguity,0,0,0,1,0,0,1,0,0,1,0,0,0,0,0,0,0,,ER_01,2026-03-31T10:42:56.540Z,0,0,0,2,0,2,1,3,3
2Among5NoColour_Bin5_Sample6.mp4,2Among5NoColour,5.0,image_30.png,submitted,image_30.png_2Among5NoColour,2,True,173.35735142338802,123.9660972047225,20,#FF0000,Quadrant 1,1,1,63,180.0,#FF0000,0.0,206.17714462723873,5,101,2Among5NoColour,5,6,0,new_generation,0,0,0,0,0,0,1,1,0,1,0,0,0,0,0,0,0,,ER_01,2026-03-31T11:05:37.173Z,0,0,0,2,1,3,0,3,3
2Among5NoColour_Bin5_Sample5.mp4,2Among5NoColour,5.0,image_31.png,submitted,image_31.png_2Among5NoColour,2,True,537.099156135689,44.27962794091886,20,#FF0000,Quadrant 2,1,2,43,180.0,#FF0000,0.0,176.24775262680592,5,100,2Among5NoColour,5,5,0,new_generation,0,0,0,1,0,0,1,0,0,1,0,0,0,0,0,0,0,,ER_01,2026-03-31T11:02:30.335Z,0,0,0,2,0,2,1,3,3
2Among5NoColour_Bin6_Sample3.mp4,2Among5NoColour,6.0,image_32.png,submitted,image_32.png_2Among5NoColour,2,True,472.52276280966333,138.87764258846397,20,#FF0000,Quadrant 2,1,2,79,180.0,#FF0000,0.0,352.04240071828747,6,104,2Among5NoColour,6,3,0,new_generation,0,0,0,1,0,0,1,0,0,1,0,1,1,0,0,0,0,,ER_01,2026-03-31T11:12:23.796Z,0,0,0,2,1,3,1,4,4
2Among5NoColour_Bin5_Sample4.mp4,2Among5NoColour,5.0,image_37.png,submitted,image_37.png_2Among5NoColour,2,True,561.6969733504069,191.8049889593524,20,#FF0000,Quadrant 2,1,2,41,180.0,#FF0000,0.0,19.493341663962287,5,99,2Among5NoColour,5,4,0,new_generation,0,0,0,1,0,0,1,1,0,1,0,0,0,0,0,0,0,,ER_01,2026-03-31T11:02:11.077Z,0,0,0,2,1,3,1,4,4
2Among5NoColour_Bin2_Sample3.mp4,2Among5NoColour,2.0,image_42.png,submitted,image_42.png_2Among5NoColour,2,True,411.33015275741207,269.570384505687,20,#FF0000,Quadrant 4,2,2,6,180.0,#FF0000,0.0,234.89015258764883,2,80,2Among5NoColour,2,3,0,new_generation,0,0,0,0,0,1,1,0,1,1,0,0,1,1,0,0,0,,ER_01,2026-03-31T10:46:21.064Z,0,0,0,3,1,4,1,5,5
2Among5NoColour_Bin3_Sample4.mp4,2Among5NoColour,3.0,image_48.png,submitted,image_48.png_2Among5NoColour,2,True,402.81075874790577,117.0683705478725,20,#FF0000,Quadrant 2,1,2,11,180.0,#FF0000,0.0,11.55405438837252,3,87,2Among5NoColour,3,4,0,new_generation,0,0,0,1,1,1,1,0,0,1,0,0,0,0,0,0,0,,ER_01,2026-03-31T10:53:47.616Z,0,0,0,2,0,2,3,5,5
2Among5NoColour_Bin6_Sample1.mp4,2Among5NoColour,6.0,image_49.png,submitted,image_49.png_2Among5NoColour,2,True,176.71241834200958,222.1080733140092,20,#FF0000,Quadrant 3,2,1,71,180.0,#FF0000,0.0,162.8788925580875,6,102,2Among5NoColour,6,1,0,new_generation,0,0,0,1,0,0,1,0,0,1,0,1,0,0,0,0,0,,ER_01,2026-03-31T11:09:59.219Z,0,0,0,2,1,3,1,4,4
2Among5NoColour_Bin5_Sample1.mp4,2Among5NoColour,5.0,image_50.png,submitted,image_50.png_2Among5NoColour,2,True,642.1454692605124,55.06181601824842,20,#FF0000,Quadrant 2,1,2,40,180.0,#FF0000,0.0,150.24465267193975,5,96,2Among5NoColour,5,1,0,new_generation,0,0,0,1,0,0,1,0,0,1,0,0,1,0,0,1,0,,ER_01,2026-03-31T10:59:43.052Z,0,1,1,2,0,2,1,3,4
2Among5NoColour_Bin1_Sample6.mp4,2Among5NoColour,1.0,image_66.png,submitted,image_66.png_2Among5NoColour,2,True,313.71676684546344,63.872523707992414,20,#FF0000,Quadrant 1,1,1,4,180.0,#FF0000,0.0,236.26067207879336,1,77,2Among5NoColour,1,6,0,new_generation,0,0,0,1,0,1,1,0,1,1,0,1,1,0,0,0,1,,ER_01,2026-03-31T10:43:54.931Z,0,1,1,2,2,4,2,6,7
2Among5NoColour_Bin6_Sample5.mp4,2Among5NoColour,6.0,image_67.png,submitted,image_67.png_2Among5NoColour,2,True,347.9677377941847,198.32455127188555,20,#FF0000,Quadrant 1,1,1,82,180.0,#FF0000,0.0,42.7652301758104,6,106,2Among5NoColour,6,5,0,new_generation,0,0,0,1,0,0,1,0,1,1,0,0,0,0,0,0,0,,ER_01,2026-03-31T11:13:43.154Z,0,0,0,2,1,3,1,4,4
2Among5NoColour_Bin5_Sample3.mp4,2Among5NoColour,5.0,image_72.png,submitted,image_72.png_2Among5NoColour,2,True,454.48629326148017,334.606959295547,20,#FF0000,Quadrant 4,2,2,34,180.0,#FF0000,0.0,102.61328910604912,5,98,2Among5NoColour,5,3,0,new_generation,0,0,1,0,0,0,1,0,0,1,0,1,1,0,0,0,1,,ER_01,2026-03-31T11:01:37.772Z,1,1,2,2,1,3,0,3,5
2Among5NoColour_Bin1_Sample5.mp4,2Among5NoColour,1.0,image_73.png,submitted,image_73.png_2Among5NoColour,2,True,627.0335594305653,81.69725156451777,20,#FF0000,Quadrant 2,1,2,1,180.0,#FF0000,0.0,86.60248611846309,1,76,2Among5NoColour,1,5,1,,0,0,0,0,0,0,1,1,0,1,1,0,0,0,0,0,0,,ER_01,2026-03-31T10:43:10.948Z,0,0,0,3,1,4,0,4,4
2Among5NoColour_Bin4_Sample1.mp4,2Among5NoColour,4.0,image_79.png,submitted,image_79.png_2Among5NoColour,2,True,648.0915247286732,60.847885467971565,20,#FF0000,Quadrant 2,1,2,31,180.0,#FF0000,0.0,268.4281933109515,4,90,2Among5NoColour,4,1,0,new_generation,0,0,0,0,0,0,1,0,0,1,0,0,0,0,1,0,0,,ER_01,2026-03-31T10:55:15.416Z,0,1,1,2,0,2,0,2,3
2Among5NoColour_Bin4_Sample3.mp4,2Among5NoColour,4.0,image_88.png,submitted,image_88.png_2Among5NoColour,2,True,420.56098140499034,298.7799948821063,20,#FF0000,Quadrant 4,2,2,25,180.0,#FF0000,0.0,204.56322833230817,4,92,2Among5NoColour,4,3,0,new_generation,0,0,0,0,0,0,1,0,1,1,0,0,0,0,0,0,0,,ER_01,2026-03-31T10:56:14.846Z,0,0,0,2,1,3,0,3,3
2Among5NoColour_Bin2_Sample2.mp4,2Among5NoColour,2.0,image_93.png,submitted,image_93.png_2Among5NoColour,2,True,141.76514051774492,128.3794270421405,20,#FF0000,Quadrant 1,1,1,7,180.0,#FF0000,0.0,5.733838976420564,2,79,2Among5NoColour,2,2,0,new_generation,0,0,0,0,0,1,1,0,1,1,1,0,0,0,0,0,0,,ER_01,2026-03-31T10:45:13.460Z,0,0,0,3,1,4,1,5,5
2Among5NoColour_Bin1_Sample2.mp4,2Among5NoColour,1.0,image_95.png,submitted,image_95.png_2Among5NoColour,2,True,76.79283239026017,11.65352401316689,20,#FF0000,Quadrant 1,1,1,1,180.0,#FF0000,0.0,245.77563028285587,1,73,2Among5NoColour,1,2,1,,0,0,1,0,1,0,1,1,1,1,1,1,0,1,0,0,1,,ER_01,2026-03-31T10:41:22.436Z,1,1,2,4,3,7,1,8,10
2Among5NoColour_Bin3_Sample1.mp4,2Among5NoColour,3.0,image_96.png,submitted,image_96.png_2Among5NoColour,2,True,402.4061941367259,152.68801522878974,20,#FF0000,Quadrant 2,1,2,9,180.0,#FF0000,0.0,288.01374231168785,3,84,2Among5NoColour,3,1,0,new_generation,0,0,0,1,0,1,1,0,0,1,0,1,1,0,0,0,1,,ER_01,2026-03-31T10:51:18.961Z,0,1,1,2,1,3,2,5,6
2Among5NoColour_Bin2_Sample5.mp4,2Among5NoColour,2.0,image_97.png,submitted,image_97.png_2Among5NoColour,2,True,426.81382189668005,387.9952403291048,20,#FF0000,Quadrant 4,2,2,5,180.0,#FF0000,0.0,179.15437779976045,2,82,2Among5NoColour,2,5,0,new_generation,0,0,0,1,0,1,1,0,1,1,0,0,0,0,0,0,0,,ER_01,2026-03-31T10:47:44.706Z,0,0,0,2,1,3,2,5,5
2Among5NoColour_Bin4_Sample2.mp4,2Among5NoColour,4.0,image_98.png,submitted,image_98.png_2Among5NoColour,2,True,73.66694373756775,258.51596313095877,20,#FF0000,Quadrant 3,2,1,20,180.0,#FF0000,0.0,305.1986973519904,4,91,2Among5NoColour,4,2,0,new_generation,0,0,0,1,0,1,1,0,0,1,0,0,0,0,0,0,0,,ER_01,2026-03-31T10:55:55.751Z,0,0,0,2,0,2,2,4,4
2Among5NoColour_Bin6_Sample6.mp4,2Among5NoColour,6.0,image_116.png,submitted,image_116.png_2Among5NoColour,2,True,372.30248010494586,161.6684012358017,20,#FF0000,Quadrant 2,1,2,99,180.0,#FF0000,0.0,114.57138870181576,6,107,2Among5NoColour,6,6,0,new_generation,0,0,0,1,0,0,1,0,1,1,0,1,0,0,0,0,0,,ER_01,2026-03-31T11:14:36.107Z,0,0,0,2,2,4,1,5,5
2Among5NoColour_Bin4_Sample6.mp4,2Among5NoColour,4.0,image_118.png,submitted,image_118.png_2Among5NoColour,2,True,168.68677170993467,182.51157738901543,20,#FF0000,Quadrant 1,1,1,17,180.0,#FF0000,0.0,279.49067499474063,4,95,2Among5NoColour,4,6,0,new_generation,0,0,0,1,0,1,1,1,1,1,0,0,1,0,0,0,0,,ER_01,2026-03-31T10:59:01.014Z,0,0,0,2,2,4,2,6,6
2Among5NoColour_Bin6_Sample2.mp4,2Among5NoColour,6.0,image_125.png,submitted,image_125.png_2Among5NoColour,2,True,293.807147469011,134.55855553082563,20,#FF0000,Quadrant 1,1,1,92,180.0,#FF0000,0.0,155.2824018828663,6,103,2Among5NoColour,6,2,0,new_generation,0,0,1,1,0,0,1,0,1,1,0,0,1,0,0,0,0,,ER_01,2026-03-31T11:11:57.875Z,1,0,1,2,1,3,1,4,5
2Among5NoColour_Bin2_Sample1.mp4,2Among5NoColour,2.0,image_134.png,submitted,image_134.png_2Among5NoColour,2,True,307.2675660564791,368.8279981052502,20,#FF0000,Quadrant 3,2,1,6,180.0,#FF0000,0.0,270.6831954264856,2,78,2Among5NoColour,2,1,0,new_generation,0,0,0,1,0,1,1,0,0,1,0,0,0,0,0,0,0,,ER_01,2026-03-31T10:44:26.818Z,0,0,0,2,0,2,2,4,4
2Among5NoColour_Bin1_Sample3.mp4,2Among5NoColour,1.0,image_137.png,submitted,image_137.png_2Among5NoColour,2,True,365.6762988081144,160.12042597731107,20,#FF0000,Quadrant 2,1,2,2,180.0,#FF0000,0.0,238.6372830748819,1,74,2Among5NoColour,1,3,1,,0,0,0,0,0,0,1,1,0,1,1,0,0,0,0,0,0,,ER_01,2026-03-31T10:41:59.691Z,0,0,0,3,1,4,0,4,4
2Among5NoColour_Bin3_Sample2.mp4,2Among5NoColour,3.0,image_141.png,submitted,image_141.png_2Among5NoColour,2,True,331.1641407106543,294.1228526122417,20,#FF0000,Quadrant 3,2,1,9,180.0,#FF0000,0.0,271.6358999899659,3,85,2Among5NoColour,3,2,0,new_generation,0,0,0,1,0,1,1,0,0,1,0,0,1,1,0,0,0,,ER_01,2026-03-31T10:52:19.609Z,0,0,0,3,0,3,2,5,5
2Among5NoColour_Bin2_Sample6.mp4,2Among5NoColour,2.0,image_147.png,submitted,image_147.png_2Among5NoColour,2,True,694.3886334504942,329.2691600684142,20,#FF0000,Quadrant 4,2,2,6,180.0,#FF0000,0.0,134.34995076154394,2,83,2Among5NoColour,2,6,0,location,0,0,1,1,0,1,1,1,0,1,0,1,1,0,1,0,1,,ER_01,2026-03-31T10:49:44.049Z,1,2,3,2,2,4,2,6,9
2Among5NoColour_Bin1_Sample1.mp4,2Among5NoColour,1.0,image_150.png,submitted,image_150.png_2Among5NoColour,2,True,381.0095843569462,359.586818114835,20,#FF0000,Quadrant 4,2,2,3,180.0,#FF0000,0.0,343.8297448668681,1,72,2Among5NoColour,1,1,1,,0,0,0,0,0,1,1,1,0,1,1,0,0,0,0,0,0,,ER_01,2026-03-31T10:39:54.780Z,0,0,0,3,1,4,1,5,5
2Among5NoColour_Bin3_Sample5.mp4,2Among5NoColour,3.0,image_157.png,submitted,image_157.png_2Among5NoColour,2,True,170.57193187927086,39.30130428718812,20,#FF0000,Quadrant 1,1,1,9,180.0,#FF0000,0.0,6.754700080927591,3,88,2Among5NoColour,3,5,0,new_generation,0,0,0,1,0,1,1,0,0,1,0,0,0,0,0,0,0,,ER_01,2026-03-31T10:54:18.295Z,0,0,0,2,0,2,2,4,4
2Among5NoColour_Bin4_Sample4.mp4,2Among5NoColour,4.0,image_158.png,submitted,image_158.png_2Among5NoColour,2,True,373.2221670032608,366.09053483462094,20,#FF0000,Quadrant 4,2,2,26,180.0,#FF0000,0.0,78.61990939927215,4,93,2Among5NoColour,4,4,0,new_generation,0,0,0,1,0,1,1,0,1,1,0,1,1,1,0,0,0,,ER_01,2026-03-31T10:57:10.152Z,0,0,0,3,2,5,2,7,7
2Among5NoColour_Bin4_Sample5.mp4,2Among5NoColour,4.0,image_162.png,submitted,image_162.png_2Among5NoColour,2,True,116.37235116997591,299.973924266688,20,#FF0000,Quadrant 3,2,1,27,180.0,#FF0000,0.0,352.1414695151529,4,94,2Among5NoColour,4,5,0,ambiguity,0,0,0,0,0,0,1,1,0,0,0,0,0,0,0,0,0,,ER_01,2026-03-31T10:57:53.774Z,0,0,0,1,1,2,0,2,2
2Among5NoColour_Bin6_Sample4.mp4,2Among5NoColour,6.0,image_163.png,submitted,image_163.png_2Among5NoColour,2,True,470.15335859801246,359.45003949541217,20,#FF0000,Quadrant 4,2,2,88,180.0,#FF0000,0.0,89.59548962727071,6,105,2Among5NoColour,6,4,0,new_generation,0,0,0,1,0,0,1,0,1,1,0,0,0,0,0,0,1,,ER_01,2026-03-31T11:12:57.123Z,0,1,1,2,1,3,1,4,5
2Among5NoColour_Bin2_Sample4.mp4,2Among5NoColour,2.0,image_164.png,submitted,image_164.png_2Among5NoColour,2,True,13.604541687308748,325.6238685003326,20,#FF0000,Quadrant 3,2,1,6,180.0,#FF0000,0.0,44.75415684732499,2,81,2Among5NoColour,2,4,0,new_generation,0,0,1,1,0,1,1,0,1,1,1,1,0,0,0,0,1,,ER_01,2026-03-31T10:47:21.347Z,1,1,2,3,2,5,2,7,9
2Among5NoColour_Bin3_Sample6.mp4,2Among5NoColour,3.0,image_174.png,submitted,image_174.png_2Among5NoColour,2,True,74.57364127695894,285.53757798667937,20,#FF0000,Quadrant 3,2,1,9,180.0,#FF0000,0.0,0.4639772940504016,3,89,2Among5NoColour,3,6,1,,0,0,0,0,0,1,0,0,0,0,0,0,0,0,0,0,0,,ER_01,2026-03-31T10:54:36.048Z,0,0,0,0,0,0,1,1,1
2Among5NoColour_Bin5_Sample2.mp4,2Among5NoColour,5.0,image_179.png,submitted,image_179.png_2Among5NoColour,2,True,154.78863417634403,377.9997419637937,20,#FF0000,Quadrant 3,2,1,57,180.0,#FF0000,0.0,136.79619118972187,5,97,2Among5NoColour,5,2,0,new_generation,0,0,0,1,0,0,1,0,0,1,0,1,1,0,0,0,0,,ER_01,2026-03-31T11:01:00.696Z,0,0,0,2,1,3,1,4,4
2Among5ConjRed_Bin6_Sample4.mp4,2Among5ConjRed,6.0,image_0.png,submitted,image_0.png_2Among5ConjRed,2,True,200.4952003563232,95.373659020255,20,#FF0000,Quadrant 1,1,1,72,240.0,#FF0000,0.0,9.003871880160098,6,69,2Among5ConjRed,6,4,0,new_generation,0,0,0,1,0,0,1,0,1,1,0,0,0,0,0,0,0,,ER_01,2026-03-31T10:38:48.204Z,0,0,0,2,1,3,1,4,4
2Among5ConjRed_Bin3_Sample2.mp4,2Among5ConjRed,3.0,image_1.png,submitted,image_1.png_2Among5ConjRed,2,True,527.0777158860841,30.68835991595057,20,#FF0000,Quadrant 2,1,2,10,240.0,#FF0000,0.0,169.3104610366969,3,49,2Among5ConjRed,3,2,0,new_generation,0,0,0,1,1,1,1,0,0,1,0,0,0,0,0,0,0,,ER_01,2026-03-31T10:15:30.118Z,0,0,0,2,0,2,3,5,5
2Among5ConjRed_Bin1_Sample4.mp4,2Among5ConjRed,1.0,image_6.png,submitted,image_6.png_2Among5ConjRed,2,True,214.69592509549585,179.5561584516687,20,#FF0000,Quadrant 1,1,1,1,240.0,#FF0000,0.0,118.05116592296152,1,39,2Among5ConjRed,1,4,1,,0,0,0,0,1,0,1,1,0,1,1,1,0,0,0,0,0,,ER_01,2026-03-31T10:03:52.538Z,0,0,0,3,2,5,1,6,6
2Among5ConjRed_Bin5_Sample5.mp4,2Among5ConjRed,5.0,image_14.png,submitted,image_14.png_2Among5ConjRed,2,True,632.208062451791,237.7296152171181,20,#FF0000,Quadrant 4,2,2,39,240.0,#FF0000,0.0,63.87198635423857,5,64,2Among5ConjRed,5,5,0,new_generation,0,0,0,1,1,1,1,1,0,1,0,0,1,0,0,0,1,,ER_01,2026-03-31T10:32:17.903Z,0,1,1,2,1,3,3,6,7
2Among5ConjRed_Bin6_Sample1.mp4,2Among5ConjRed,6.0,image_34.png,submitted,image_34.png_2Among5ConjRed,2,True,572.5433795319756,355.8782689477495,20,#FF0000,Quadrant 4,2,2,90,240.0,#FF0000,0.0,107.67663981303744,6,66,2Among5ConjRed,6,1,0,new_generation,0,0,0,1,0,0,1,0,1,1,0,1,1,0,0,0,0,,ER_01,2026-03-31T10:35:16.583Z,0,0,0,2,2,4,1,5,5
2Among5ConjRed_Bin5_Sample6.mp4,2Among5ConjRed,5.0,image_39.png,submitted,image_39.png_2Among5ConjRed,2,True,505.2594530959369,33.98726403522515,20,#FF0000,Quadrant 2,1,2,53,240.0,#FF0000,0.0,15.104011291464992,5,65,2Among5ConjRed,5,6,0,new_generation,0,0,1,0,0,0,1,1,0,1,0,1,0,0,0,0,1,,ER_01,2026-03-31T10:33:21.902Z,1,1,2,2,2,4,0,4,6
2Among5ConjRed_Bin3_Sample3.mp4,2Among5ConjRed,3.0,image_45.png,submitted,image_45.png_2Among5ConjRed,2,True,333.0248934952168,69.9303882136799,20,#FF0000,Quadrant 1,1,1,14,240.0,#FF0000,0.0,162.53970625117785,3,50,2Among5ConjRed,3,3,0,new_generation,0,0,1,1,1,1,1,1,0,1,0,0,0,0,0,0,1,,ER_01,2026-03-31T10:17:40.139Z,1,1,2,2,1,3,3,6,8
2Among5ConjRed_Bin4_Sample3.mp4,2Among5ConjRed,4.0,image_52.png,submitted,image_52.png_2Among5ConjRed,2,True,491.3189493484256,218.91174874968425,20,#FF0000,Quadrant 4,2,2,17,240.0,#FF0000,0.0,241.0711465575336,4,56,2Among5ConjRed,4,3,0,new_generation,0,0,0,1,1,1,1,1,1,1,0,1,0,0,0,1,0,wrong new target generated (first 5),ER_01,2026-03-31T10:25:46.033Z,0,1,1,2,3,5,3,8,9
2Among5ConjRed_Bin2_Sample2.mp4,2Among5ConjRed,2.0,image_66.png,submitted,image_66.png_2Among5ConjRed,2,True,574.2576677964486,63.2680886766366,20,#FF0000,Quadrant 2,1,2,8,240.0,#FF0000,0.0,254.85071422411335,2,43,2Among5ConjRed,2,2,0,new_generation,0,0,0,1,1,1,1,1,1,1,0,0,0,0,0,0,0,,ER_01,2026-03-31T10:08:40.808Z,0,0,0,2,2,4,3,7,7
2Among5ConjRed_Bin2_Sample5.mp4,2Among5ConjRed,2.0,image_70.png,submitted,image_70.png_2Among5ConjRed,2,True,386.0727442729912,206.37002768239307,20,#FF0000,Quadrant 4,2,2,8,240.0,#FF0000,0.0,185.86076896894303,2,46,2Among5ConjRed,2,5,0,new_generation,0,0,0,1,0,1,1,1,1,0,0,0,0,0,0,0,0,,ER_01,2026-03-31T10:12:51.484Z,0,0,0,1,2,3,2,5,5
2Among5ConjRed_Bin4_Sample5.mp4,2Among5ConjRed,4.0,image_75.png,submitted,image_75.png_2Among5ConjRed,2,True,261.94901258553955,161.09090793337134,20,#FF0000,Quadrant 1,1,1,27,240.0,#FF0000,0.0,126.8781184317334,4,58,2Among5ConjRed,4,5,0,new_generation,0,0,0,1,1,1,0,1,1,1,0,0,0,0,0,0,0,,ER_01,2026-03-31T10:27:29.616Z,0,0,0,1,2,3,3,6,6
2Among5ConjRed_Bin5_Sample2.mp4,2Among5ConjRed,5.0,image_78.png,submitted,image_78.png_2Among5ConjRed,2,True,483.9264679119213,224.77540199240403,20,#FF0000,Quadrant 4,2,2,64,240.0,#FF0000,0.0,260.20418376877404,5,61,2Among5ConjRed,5,2,0,new_generation,0,0,0,0,0,0,0,0,0,1,0,0,1,0,0,0,0,,ER_01,2026-03-31T10:30:15.687Z,0,0,0,1,0,1,0,1,1
2Among5ConjRed_Bin5_Sample4.mp4,2Among5ConjRed,5.0,image_80.png,submitted,image_80.png_2Among5ConjRed,2,True,674.4284910706707,177.84142397263312,20,#FF0000,Quadrant 2,1,2,60,240.0,#FF0000,0.0,221.92513217873667,5,63,2Among5ConjRed,5,4,0,new_generation,0,0,0,1,0,0,1,0,1,1,0,0,0,0,0,0,0,,ER_01,2026-03-31T10:31:28.550Z,0,0,0,2,1,3,1,4,4
2Among5ConjRed_Bin4_Sample6.mp4,2Among5ConjRed,4.0,image_82.png,submitted,image_82.png_2Among5ConjRed,2,True,485.1621477484095,74.53858835216673,20,#FF0000,Quadrant 2,1,2,30,240.0,#FF0000,0.0,7.53723729774479,4,59,2Among5ConjRed,4,6,0,location,0,0,0,1,1,1,1,0,0,0,0,0,0,0,0,0,0,,ER_01,2026-03-31T10:29:02.289Z,0,0,0,1,0,1,3,4,4
2Among5ConjRed_Bin2_Sample6.mp4,2Among5ConjRed,2.0,image_87.png,submitted,image_87.png_2Among5ConjRed,2,True,603.7559248304515,294.3409281857079,20,#FF0000,Quadrant 4,2,2,6,240.0,#FF0000,0.0,171.66847464159756,2,47,2Among5ConjRed,2,6,0,new_generation,0,0,0,1,1,1,1,1,1,1,1,1,0,0,0,0,0,,ER_01,2026-03-31T10:14:07.286Z,0,0,0,3,3,6,3,9,9
2Among5ConjRed_Bin2_Sample4.mp4,2Among5ConjRed,2.0,image_89.png,submitted,image_89.png_2Among5ConjRed,2,True,327.13938869132795,106.93835889218812,20,#FF0000,Quadrant 1,1,1,6,240.0,#FF0000,0.0,148.7767772424747,2,45,2Among5ConjRed,2,4,0,new_generation,0,0,0,1,1,1,1,0,1,1,0,0,1,0,0,0,1,,ER_01,2026-03-31T10:12:17.077Z,0,1,1,2,1,3,3,6,7
2Among5ConjRed_Bin2_Sample3.mp4,2Among5ConjRed,2.0,image_95.png,submitted,image_95.png_2Among5ConjRed,2,True,534.9700601592283,343.94689303745236,20,#FF0000,Quadrant 4,2,2,8,240.0,#FF0000,0.0,67.93306031848233,2,44,2Among5ConjRed,2,3,0,new_generation,0,0,0,1,0,0,1,1,1,1,0,1,1,0,0,0,0,circled Blue number,ER_01,2026-03-31T10:10:23.129Z,0,0,0,2,3,5,1,6,6
2Among5ConjRed_Bin1_Sample6.mp4,2Among5ConjRed,1.0,image_100.png,submitted,image_100.png_2Among5ConjRed,2,True,39.703757972511355,246.60021234212635,20,#FF0000,Quadrant 3,2,1,2,240.0,#FF0000,0.0,348.9032919799711,1,41,2Among5ConjRed,1,6,1,,0,0,0,0,0,0,1,0,0,1,1,1,0,0,0,0,0,,ER_01,2026-03-31T10:06:11.252Z,0,0,0,3,1,4,0,4,4
2Among5ConjRed_Bin3_Sample5.mp4,2Among5ConjRed,3.0,image_103.png,submitted,image_103.png_2Among5ConjRed,2,True,315.5059273691762,138.26130091370908,20,#FF0000,Quadrant 1,1,1,10,240.0,#FF0000,0.0,152.8901224055225,3,52,2Among5ConjRed,3,5,1,,0,0,0,0,1,1,0,0,0,0,0,0,0,0,0,0,0,,ER_01,2026-03-31T10:19:30.162Z,0,0,0,0,0,0,2,2,2
2Among5ConjRed_Bin4_Sample1.mp4,2Among5ConjRed,4.0,image_111.png,submitted,image_111.png_2Among5ConjRed,2,True,482.76612077290895,372.96100956996736,20,#FF0000,Quadrant 4,2,2,23,240.0,#FF0000,0.0,227.4633214494878,4,54,2Among5ConjRed,4,1,0,new_generation,0,0,0,1,1,1,1,0,1,1,0,0,0,0,0,0,0,,ER_01,2026-03-31T10:21:42.675Z,0,0,0,2,1,3,3,6,6
2Among5ConjRed_Bin5_Sample1.mp4,2Among5ConjRed,5.0,image_113.png,submitted,image_113.png_2Among5ConjRed,2,True,352.05003591045755,83.72928338301872,20,#FF0000,Quadrant 1,1,1,51,240.0,#FF0000,0.0,37.098054820407526,5,60,2Among5ConjRed,5,1,0,new_generation,0,0,0,1,0,0,0,0,0,0,0,0,0,0,0,0,0,,ER_01,2026-03-31T10:29:39.831Z,0,0,0,0,0,0,1,1,1
2Among5ConjRed_Bin1_Sample2.mp4,2Among5ConjRed,1.0,image_114.png,submitted,image_114.png_2Among5ConjRed,2,True,695.6031029251293,43.79665567725762,20,#FF0000,Quadrant 2,1,2,4,240.0,#FF0000,0.0,300.0773056832622,1,37,2Among5ConjRed,1,2,0,new_generation,0,0,1,1,0,1,0,0,1,0,0,0,0,0,0,0,0,,ER_01,2026-03-31T10:02:10.209Z,1,0,1,0,1,1,2,3,4
2Among5ConjRed_Bin6_Sample5.mp4,2Among5ConjRed,6.0,image_115.png,submitted,image_115.png_2Among5ConjRed,2,True,112.46298744476574,243.13361681983608,20,#FF0000,Quadrant 3,2,1,89,240.0,#FF0000,0.0,197.1216341760585,6,70,2Among5ConjRed,6,5,0,new_generation,0,0,0,1,0,0,1,0,1,1,0,0,0,0,0,0,0,,ER_01,2026-03-31T10:38:48.916Z,0,0,0,2,1,3,1,4,4
2Among5ConjRed_Bin3_Sample6.mp4,2Among5ConjRed,3.0,image_128.png,submitted,image_128.png_2Among5ConjRed,2,True,462.8618042456806,157.3789854312994,20,#FF0000,Quadrant 2,1,2,14,240.0,#FF0000,0.0,186.5673336386825,3,53,2Among5ConjRed,3,6,0,new_generation,0,0,0,1,1,1,1,0,0,1,1,0,1,0,0,0,0,,ER_01,2026-03-31T10:20:49.451Z,0,0,0,3,0,3,3,6,6
2Among5ConjRed_Bin6_Sample2.mp4,2Among5ConjRed,6.0,image_129.png,submitted,image_129.png_2Among5ConjRed,2,True,597.17677953504,370.7211886465061,20,#FF0000,Quadrant 4,2,2,67,240.0,#FF0000,0.0,89.15041088035541,6,67,2Among5ConjRed,6,2,0,new_generation,0,0,0,0,0,0,1,0,1,0,0,0,1,0,0,0,0,,ER_01,2026-03-31T10:35:58.776Z,0,0,0,1,1,2,0,2,2
2Among5ConjRed_Bin2_Sample1.mp4,2Among5ConjRed,2.0,image_144.png,submitted,image_144.png_2Among5ConjRed,2,True,426.4815783865319,239.18839780092176,20,#FF0000,Quadrant 4,2,2,5,240.0,#FF0000,0.0,299.2847151113681,2,42,2Among5ConjRed,2,1,0,ambiguity,0,0,0,0,0,1,1,1,0,1,1,0,0,0,0,0,0,,ER_01,2026-03-31T10:07:36.895Z,0,0,0,3,1,4,1,5,5
2Among5ConjRed_Bin6_Sample3.mp4,2Among5ConjRed,6.0,image_159.png,submitted,image_159.png_2Among5ConjRed,2,True,298.3949448512247,249.88327324867947,20,#FF0000,Quadrant 3,2,1,99,240.0,#FF0000,0.0,287.65167314701864,6,68,2Among5ConjRed,6,3,0,new_generation,0,0,1,1,0,0,1,1,1,1,0,0,0,0,0,0,0,,ER_01,2026-03-31T10:37:12.406Z,1,0,1,2,2,4,1,5,6
2Among5ConjRed_Bin4_Sample2.mp4,2Among5ConjRed,4.0,image_161.png,submitted,image_161.png_2Among5ConjRed,2,True,366.141747080384,289.32937927434097,20,#FF0000,Quadrant 4,2,2,22,240.0,#FF0000,0.0,346.1503502921762,4,55,2Among5ConjRed,4,2,0,new_generation,0,0,0,1,1,1,1,1,1,1,0,0,0,0,0,0,0,,ER_01,2026-03-31T10:23:54.183Z,0,0,0,2,2,4,3,7,7
2Among5ConjRed_Bin6_Sample6.mp4,2Among5ConjRed,6.0,image_166.png,submitted,image_166.png_2Among5ConjRed,2,True,310.8382336083496,341.8030237090267,20,#FF0000,Quadrant 3,2,1,76,240.0,#FF0000,0.0,280.03252511684735,6,71,2Among5ConjRed,6,6,0,new_generation,0,0,0,1,0,0,1,1,1,1,0,0,0,0,0,0,0,,ER_01,2026-03-31T10:39:14.157Z,0,0,0,2,2,4,1,5,5
2Among5ConjRed_Bin1_Sample1.mp4,2Among5ConjRed,1.0,image_177.png,submitted,image_177.png_2Among5ConjRed,2,True,248.25805857878208,137.60989397064122,20,#FF0000,Quadrant 1,1,1,1,240.0,#FF0000,0.0,51.93157514593104,1,36,2Among5ConjRed,1,1,1,,0,0,0,0,0,0,1,1,0,1,1,1,0,0,0,0,0,,ER_01,2026-03-31T10:00:21.474Z,0,0,0,3,2,5,0,5,5
2Among5ConjRed_Bin1_Sample3.mp4,2Among5ConjRed,1.0,image_202.png,submitted,image_202.png_2Among5ConjRed,2,True,85.7894032325387,350.53579548374773,20,#FF0000,Quadrant 3,2,1,4,240.0,#FF0000,0.0,160.5841116048946,1,38,2Among5ConjRed,1,3,1,,0,0,0,0,0,1,0,0,0,0,0,0,0,0,0,0,0,,ER_01,2026-03-31T10:02:55.096Z,0,0,0,0,0,0,1,1,1
2Among5ConjRed_Bin1_Sample5.mp4,2Among5ConjRed,1.0,image_211.png,submitted,image_211.png_2Among5ConjRed,2,True,199.69595700519855,338.0666778587834,20,#FF0000,Quadrant 3,2,1,4,240.0,#FF0000,0.0,110.68015993322912,1,40,2Among5ConjRed,1,5,1,,0,0,0,0,0,1,1,1,0,1,0,0,0,0,0,0,0,,ER_01,2026-03-31T10:05:23.144Z,0,0,0,2,1,3,1,4,4
2Among5ConjRed_Bin3_Sample1.mp4,2Among5ConjRed,3.0,image_215.png,submitted,image_215.png_2Among5ConjRed,2,True,531.1031933740561,62.28422615186414,20,#FF0000,Quadrant 2,1,2,11,240.0,#FF0000,0.0,66.15038890699763,3,48,2Among5ConjRed,3,1,0,new_generation,0,0,0,1,1,0,1,1,1,1,0,0,0,0,0,0,1,,ER_01,2026-03-31T10:14:56.439Z,0,1,1,2,2,4,2,6,7
2Among5ConjRed_Bin5_Sample3.mp4,2Among5ConjRed,5.0,image_218.png,submitted,image_218.png_2Among5ConjRed,2,True,145.36824974841173,247.4953305394625,20,#FF0000,Quadrant 3,2,1,59,240.0,#FF0000,0.0,89.70610470634962,5,62,2Among5ConjRed,5,3,0,new_generation,0,0,0,1,1,1,1,0,0,1,0,0,0,0,0,0,0,,ER_01,2026-03-31T10:30:55.743Z,0,0,0,2,0,2,3,5,5
2Among5ConjRed_Bin3_Sample4.mp4,2Among5ConjRed,3.0,image_223.png,submitted,image_223.png_2Among5ConjRed,2,True,586.5348800671886,247.74506054950496,20,#FF0000,Quadrant 4,2,2,9,240.0,#FF0000,0.0,178.8122443099351,3,51,2Among5ConjRed,3,4,0,new_generation,0,0,0,1,0,1,1,1,0,1,0,0,0,0,0,0,1,,ER_01,2026-03-31T10:18:30.250Z,0,1,1,2,1,3,2,5,6
2Among5ConjRed_Bin4_Sample4.mp4,2Among5ConjRed,4.0,image_226.png,submitted,image_226.png_2Among5ConjRed,2,True,680.4151586144902,118.83143273432852,20,#FF0000,Quadrant 2,1,2,17,240.0,#FF0000,0.0,229.73947552251153,4,57,2Among5ConjRed,4,4,0,new_generation,0,0,0,1,0,1,1,1,1,1,0,0,1,0,0,0,0,,ER_01,2026-03-31T10:26:49.833Z,0,0,0,2,2,4,2,6,6
NoDistractors_Bin0_Sample3.mp4,NoDistractors,0.0,image_1.png,submitted,image_1.png_NoDistractors,2,True,625.7117221486385,43.8628787339193,20,#FF0000,Quadrant 2,1,2,0,26.0,#FF0000,0.0,243.61181547224808,0,110,NoDistractors,0,3,1,,0,0,0,0,0,0,1,1,0,0,0,0,0,0,0,0,0,,ER_01,2026-03-31T11:16:25.368Z,0,0,0,1,1,2,0,2,2
NoDistractors_Bin0_Sample6.mp4,NoDistractors,0.0,image_4.png,submitted,image_4.png_NoDistractors,2,True,417.0040561905011,316.96471262421846,20,#FF0000,Quadrant 4,2,2,0,26.0,#FF0000,0.0,79.35862393465081,0,113,NoDistractors,0,6,1,,0,0,0,0,0,0,1,1,0,0,0,0,0,0,0,0,0,,ER_01,2026-03-31T11:17:05.680Z,0,0,0,1,1,2,0,2,2
NoDistractors_Bin0_Sample1.mp4,NoDistractors,0.0,image_7.png,submitted,image_7.png_NoDistractors,2,True,258.33679315390896,141.01526309705108,20,#FF0000,Quadrant 1,1,1,0,26.0,#FF0000,0.0,136.77382822944145,0,108,NoDistractors,0,1,1,,0,0,0,0,0,0,1,1,0,1,0,0,0,0,0,0,0,,ER_01,2026-03-31T11:16:09.104Z,0,0,0,2,1,3,0,3,3
NoDistractors_Bin0_Sample4.mp4,NoDistractors,0.0,image_9.png,submitted,image_9.png_NoDistractors,2,True,212.999835889487,248.6258442088996,20,#FF0000,Quadrant 3,2,1,0,26.0,#FF0000,0.0,28.368071308244943,0,111,NoDistractors,0,4,1,,0,0,0,0,0,0,1,1,0,1,0,0,0,0,0,0,0,,ER_01,2026-03-31T11:16:39.648Z,0,0,0,2,1,3,0,3,3
NoDistractors_Bin0_Sample2.mp4,NoDistractors,0.0,image_23.png,submitted,image_23.png_NoDistractors,2,True,604.2999047603328,68.77401871364268,20,#FF0000,Quadrant 2,1,2,0,26.0,#FF0000,0.0,272.0815767121456,0,109,NoDistractors,0,2,1,,0,0,0,0,0,0,1,1,0,0,0,0,0,0,0,0,0,,ER_01,2026-03-31T11:16:12.487Z,0,0,0,1,1,2,0,2,2
NoDistractors_Bin0_Sample5.mp4,NoDistractors,0.0,image_25.png,submitted,image_25.png_NoDistractors,2,True,333.4863726836426,106.0345373531254,20,#FF0000,Quadrant 1,1,1,0,26.0,#FF0000,0.0,214.5198342100061,0,112,NoDistractors,0,5,1,,0,0,0,0,0,0,1,1,0,1,0,1,0,0,0,0,0,,ER_01,2026-03-31T11:16:54.396Z,0,0,0,2,2,4,0,4,4
