video_filename,condition,bin,source_image,status
2Among5Colour_Bin1_Sample1.mp4,2Among5Colour,1,image_23.png,submitted
2Among5Colour_Bin1_Sample2.mp4,2Among5Colour,1,image_34.png,submitted
2Among5Colour_Bin1_Sample3.mp4,2Among5Colour,1,image_62.png,submitted
2Among5Colour_Bin1_Sample4.mp4,2Among5Colour,1,image_36.png,submitted
2Among5Colour_Bin1_Sample5.mp4,2Among5Colour,1,image_53.png,submitted
2Among5Colour_Bin1_Sample6.mp4,2Among5Colour,1,image_137.png,submitted
2Among5Colour_Bin2_Sample1.mp4,2Among5Colour,2,image_28.png,submitted
2Among5Colour_Bin2_Sample2.mp4,2Among5Colour,2,image_143.png,submitted
2Among5Colour_Bin2_Sample3.mp4,2Among5Colour,2,image_70.png,submitted
2Among5Colour_Bin2_Sample4.mp4,2Among5Colour,2,image_130.png,submitted
2Among5Colour_Bin2_Sample5.mp4,2Among5Colour,2,image_69.png,submitted
2Among5Colour_Bin2_Sample6.mp4,2Among5Colour,2,image_110.png,submitted
2Among5Colour_Bin3_Sample1.mp4,2Among5Colour,3,image_96.png,submitted
2Among5Colour_Bin3_Sample2.mp4,2Among5Colour,3,image_142.png,submitted
2Among5Colour_Bin3_Sample3.mp4,2Among5Colour,3,image_4.png,submitted
2Among5Colour_Bin3_Sample4.mp4,2Among5Colour,3,image_140.png,submitted
2Among5Colour_Bin3_Sample5.mp4,2Among5Colour,3,image_43.png,submitted
2Among5Colour_Bin3_Sample6.mp4,2Among5Colour,3,image_1.png,submitted
2Among5Colour_Bin4_Sample1.mp4,2Among5Colour,4,image_25.png,submitted
2Among5Colour_Bin4_Sample2.mp4,2Among5Colour,4,image_3.png,submitted
2Among5Colour_Bin4_Sample3.mp4,2Among5Colour,4,image_82.png,submitted
2Among5Colour_Bin4_Sample4.mp4,2Among5Colour,4,image_87.png,submitted
2Among5Colour_Bin4_Sample5.mp4,2Among5Colour,4,image_148.png,submitted
2Among5Colour_Bin4_Sample6.mp4,2Among5Colour,4,image_52.png,submitted
2Among5Colour_Bin5_Sample1.mp4,2Among5Colour,5,image_64.png,submitted
2Among5Colour_Bin5_Sample2.mp4,2Among5Colour,5,image_51.png,submitted
2Among5Colour_Bin5_Sample3.mp4,2Among5Colour,5,image_72.png,submitted
2Among5Colour_Bin5_Sample4.mp4,2Among5Colour,5,image_131.png,submitted
2Among5Colour_Bin5_Sample5.mp4,2Among5Colour,5,image_7.png,submitted
2Among5Colour_Bin5_Sample6.mp4,2Among5Colour,5,image_124.png,submitted
2Among5Colour_Bin6_Sample1.mp4,2Among5Colour,6,image_35.png,submitted
2Among5Colour_Bin6_Sample2.mp4,2Among5Colour,6,image_20.png,submitted
2Among5Colour_Bin6_Sample3.mp4,2Among5Colour,6,image_111.png,submitted
2Among5Colour_Bin6_Sample4.mp4,2Among5Colour,6,image_135.png,submitted
2Among5Colour_Bin6_Sample5.mp4,2Among5Colour,6,image_55.png,submitted
2Among5Colour_Bin6_Sample6.mp4,2Among5Colour,6,image_32.png,submitted
2Among5ConjRed_Bin1_Sample1.mp4,2Among5ConjRed,1,image_177.png,submitted
2Among5ConjRed_Bin1_Sample2.mp4,2Among5ConjRed,1,image_114.png,submitted
2Among5ConjRed_Bin1_Sample3.mp4,2Among5ConjRed,1,image_202.png,pending
2Among5ConjRed_Bin1_Sample4.mp4,2Among5ConjRed,1,image_6.png,pending
2Among5ConjRed_Bin1_Sample5.mp4,2Among5ConjRed,1,image_211.png,pending
2Among5ConjRed_Bin1_Sample6.mp4,2Among5ConjRed,1,image_100.png,pending
2Among5ConjRed_Bin2_Sample1.mp4,2Among5ConjRed,2,image_144.png,pending
2Among5ConjRed_Bin2_Sample2.mp4,2Among5ConjRed,2,image_66.png,pending
2Among5ConjRed_Bin2_Sample3.mp4,2Among5ConjRed,2,image_95.png,pending
2Among5ConjRed_Bin2_Sample4.mp4,2Among5ConjRed,2,image_89.png,pending
2Among5ConjRed_Bin2_Sample5.mp4,2Among5ConjRed,2,image_70.png,pending
2Among5ConjRed_Bin2_Sample6.mp4,2Among5ConjRed,2,image_87.png,pending
2Among5ConjRed_Bin3_Sample1.mp4,2Among5ConjRed,3,image_215.png,pending
2Among5ConjRed_Bin3_Sample2.mp4,2Among5ConjRed,3,image_1.png,pending
2Among5ConjRed_Bin3_Sample3.mp4,2Among5ConjRed,3,image_45.png,pending
2Among5ConjRed_Bin3_Sample4.mp4,2Among5ConjRed,3,image_223.png,pending
2Among5ConjRed_Bin3_Sample5.mp4,2Among5ConjRed,3,image_103.png,pending
2Among5ConjRed_Bin3_Sample6.mp4,2Among5ConjRed,3,image_128.png,pending
2Among5ConjRed_Bin4_Sample1.mp4,2Among5ConjRed,4,image_111.png,pending
2Among5ConjRed_Bin4_Sample2.mp4,2Among5ConjRed,4,image_161.png,pending
2Among5ConjRed_Bin4_Sample3.mp4,2Among5ConjRed,4,image_52.png,pending
2Among5ConjRed_Bin4_Sample4.mp4,2Among5ConjRed,4,image_226.png,pending
2Among5ConjRed_Bin4_Sample5.mp4,2Among5ConjRed,4,image_75.png,pending
2Among5ConjRed_Bin4_Sample6.mp4,2Among5ConjRed,4,image_82.png,pending
2Among5ConjRed_Bin5_Sample1.mp4,2Among5ConjRed,5,image_113.png,pending
2Among5ConjRed_Bin5_Sample2.mp4,2Among5ConjRed,5,image_78.png,pending
2Among5ConjRed_Bin5_Sample3.mp4,2Among5ConjRed,5,image_218.png,pending
2Among5ConjRed_Bin5_Sample4.mp4,2Among5ConjRed,5,image_80.png,pending
2Among5ConjRed_Bin5_Sample5.mp4,2Among5ConjRed,5,image_14.png,pending
2Among5ConjRed_Bin5_Sample6.mp4,2Among5ConjRed,5,image_39.png,pending
2Among5ConjRed_Bin6_Sample1.mp4,2Among5ConjRed,6,image_34.png,pending
2Among5ConjRed_Bin6_Sample2.mp4,2Among5ConjRed,6,image_129.png,pending
2Among5ConjRed_Bin6_Sample3.mp4,2Among5ConjRed,6,image_159.png,pending
2Among5ConjRed_Bin6_Sample4.mp4,2Among5ConjRed,6,image_0.png,pending
2Among5ConjRed_Bin6_Sample5.mp4,2Among5ConjRed,6,image_115.png,pending
2Among5ConjRed_Bin6_Sample6.mp4,2Among5ConjRed,6,image_166.png,pending
2Among5NoColour_Bin1_Sample1.mp4,2Among5NoColour,1,image_150.png,pending
2Among5NoColour_Bin1_Sample2.mp4,2Among5NoColour,1,image_95.png,pending
2Among5NoColour_Bin1_Sample3.mp4,2Among5NoColour,1,image_137.png,pending
2Among5NoColour_Bin1_Sample4.mp4,2Among5NoColour,1,image_26.png,pending
2Among5NoColour_Bin1_Sample5.mp4,2Among5NoColour,1,image_73.png,pending
2Among5NoColour_Bin1_Sample6.mp4,2Among5NoColour,1,image_66.png,pending
2Among5NoColour_Bin2_Sample1.mp4,2Among5NoColour,2,image_134.png,pending
2Among5NoColour_Bin2_Sample2.mp4,2Among5NoColour,2,image_93.png,pending
2Among5NoColour_Bin2_Sample3.mp4,2Among5NoColour,2,image_42.png,pending
2Among5NoColour_Bin2_Sample4.mp4,2Among5NoColour,2,image_164.png,pending
2Among5NoColour_Bin2_Sample5.mp4,2Among5NoColour,2,image_97.png,pending
2Among5NoColour_Bin2_Sample6.mp4,2Among5NoColour,2,image_147.png,pending
2Among5NoColour_Bin3_Sample1.mp4,2Among5NoColour,3,image_96.png,pending
2Among5NoColour_Bin3_Sample2.mp4,2Among5NoColour,3,image_141.png,pending
2Among5NoColour_Bin3_Sample3.mp4,2Among5NoColour,3,image_6.png,pending
2Among5NoColour_Bin3_Sample4.mp4,2Among5NoColour,3,image_48.png,pending
2Among5NoColour_Bin3_Sample5.mp4,2Among5NoColour,3,image_157.png,pending
2Among5NoColour_Bin3_Sample6.mp4,2Among5NoColour,3,image_174.png,pending
2Among5NoColour_Bin4_Sample1.mp4,2Among5NoColour,4,image_79.png,pending
2Among5NoColour_Bin4_Sample2.mp4,2Among5NoColour,4,image_98.png,pending
2Among5NoColour_Bin4_Sample3.mp4,2Among5NoColour,4,image_88.png,pending
2Among5NoColour_Bin4_Sample4.mp4,2Among5NoColour,4,image_158.png,pending
2Among5NoColour_Bin4_Sample5.mp4,2Among5NoColour,4,image_162.png,pending
2Among5NoColour_Bin4_Sample6.mp4,2Among5NoColour,4,image_118.png,pending
2Among5NoColour_Bin5_Sample1.mp4,2Among5NoColour,5,image_50.png,pending
2Among5NoColour_Bin5_Sample2.mp4,2Among5NoColour,5,image_179.png,pending
2Among5NoColour_Bin5_Sample3.mp4,2Among5NoColour,5,image_72.png,pending
2Among5NoColour_Bin5_Sample4.mp4,2Among5NoColour,5,image_37.png,pending
2Among5NoColour_Bin5_Sample5.mp4,2Among5NoColour,5,image_31.png,pending
2Among5NoColour_Bin5_Sample6.mp4,2Among5NoColour,5,image_30.png,pending
2Among5NoColour_Bin6_Sample1.mp4,2Among5NoColour,6,image_49.png,pending
2Among5NoColour_Bin6_Sample2.mp4,2Among5NoColour,6,image_125.png,pending
2Among5NoColour_Bin6_Sample3.mp4,2Among5NoColour,6,image_32.png,pending
2Among5NoColour_Bin6_Sample4.mp4,2Among5NoColour,6,image_163.png,pending
2Among5NoColour_Bin6_Sample5.mp4,2Among5NoColour,6,image_67.png,pending
2Among5NoColour_Bin6_Sample6.mp4,2Among5NoColour,6,image_116.png,pending
NoDistractors_Bin0_Sample1.mp4,NoDistractors,0,image_7.png,pending
NoDistractors_Bin0_Sample2.mp4,NoDistractors,0,image_23.png,pending
NoDistractors_Bin0_Sample3.mp4,NoDistractors,0,image_1.png,pending
NoDistractors_Bin0_Sample4.mp4,NoDistractors,0,image_9.png,pending
NoDistractors_Bin0_Sample5.mp4,NoDistractors,0,image_25.png,pending
NoDistractors_Bin0_Sample6.mp4,NoDistractors,0,image_4.png,pending
