filename,shape_type,target,center_x,center_y,size,color,quadrant,row,column,num_distractors,num_images,distractor_color,color_bin_index,rotation_angle
image_0.png,2,True,103.56912073771402,63.7453369825044,20,#0000FF,Quadrant 1,1,1,0,50,#0000FF,0,266.9581799135398
image_1.png,2,True,22.26334894759059,93.64515447576207,20,#FF0000,Quadrant 1,1,1,50,50,#FF0000,0,151.89185508669735
image_1.png,5,False,216.9878796680159,94.32655513138336,20,#0000FF,Quadrant 2,1,2,50,,#0000FF,0,233.95839760062836
image_1.png,5,False,316.96471262421846,13.456531158307065,20,#0000FF,Quadrant 2,1,2,50,,#0000FF,0,212.13564619532713
image_1.png,5,False,274.8966913055498,139.61469524380092,20,#0000FF,Quadrant 2,1,2,50,,#0000FF,0,290.0949306598108
image_1.png,5,False,372.8265412941633,138.23273805257293,20,#0000FF,Quadrant 2,1,2,50,,#0000FF,0,55.97261993224136
image_1.png,5,False,47.558790443049396,331.3528704793398,20,#0000FF,Quadrant 3,2,1,50,,#0000FF,0,33.38850361685325
image_1.png,5,False,316.0944872977157,286.83861537026314,20,#0000FF,Quadrant 4,2,2,50,,#0000FF,0,217.3413712920808
image_1.png,5,False,324.51496308763205,244.800466393685,20,#0000FF,Quadrant 4,2,2,50,,#0000FF,0,198.7346272583617
image_1.png,5,False,229.23911090705604,277.3281540892411,20,#0000FF,Quadrant 4,2,2,50,,#0000FF,0,310.2144841118798
image_1.png,5,False,97.14554819628471,120.38865024159651,20,#0000FF,Quadrant 1,1,1,50,,#0000FF,0,16.4967781160384
image_1.png,5,False,98.9949550444694,49.17854031687761,20,#0000FF,Quadrant 1,1,1,50,,#0000FF,0,28.725111692505898
image_1.png,5,False,251.28871993194326,148.90656365069185,20,#0000FF,Quadrant 2,1,2,50,,#0000FF,0,100.07049711963316
image_1.png,5,False,255.95737562321236,241.25152014212154,20,#0000FF,Quadrant 4,2,2,50,,#0000FF,0,337.1956515764978
image_1.png,5,False,286.609929625232,72.76614264200893,20,#0000FF,Quadrant 2,1,2,50,,#0000FF,0,61.609913351314916
image_1.png,5,False,385.039826540633,252.9199092248471,20,#0000FF,Quadrant 4,2,2,50,,#0000FF,0,136.6039590327532
image_1.png,5,False,269.7841868741726,329.59802583174803,20,#0000FF,Quadrant 4,2,2,50,,#0000FF,0,200.50190775887265
image_1.png,5,False,97.58017120243146,23.133892195726276,20,#0000FF,Quadrant 1,1,1,50,,#0000FF,0,279.3599681566481
image_1.png,5,False,112.20605111881564,90.7515148756314,20,#0000FF,Quadrant 1,1,1,50,,#0000FF,0,113.5630973012695
image_1.png,5,False,342.2669628066688,129.94823894182466,20,#0000FF,Quadrant 2,1,2,50,,#0000FF,0,339.4474971606196
image_1.png,5,False,160.54885860093108,356.69898892192543,20,#0000FF,Quadrant 3,2,1,50,,#0000FF,0,235.95791950615683
image_1.png,5,False,110.31632802166953,231.9735043044983,20,#0000FF,Quadrant 3,2,1,50,,#0000FF,0,202.0925282987343
image_1.png,5,False,161.97339094307017,93.90324696145309,20,#0000FF,Quadrant 1,1,1,50,,#0000FF,0,323.2162380968917
image_1.png,5,False,203.60093900970358,45.36375780169409,20,#0000FF,Quadrant 2,1,2,50,,#0000FF,0,359.11353833823966
image_1.png,5,False,52.44737127254916,248.17460376376803,20,#0000FF,Quadrant 3,2,1,50,,#0000FF,0,16.961895152904447
image_1.png,5,False,170.57646745028057,35.0134729254398,20,#0000FF,Quadrant 1,1,1,50,,#0000FF,0,285.1485711706671
image_1.png,5,False,387.5338817307566,211.00522244747378,20,#0000FF,Quadrant 4,2,2,50,,#0000FF,0,137.38294314235324
image_1.png,5,False,268.68651949204525,213.97478489452456,20,#0000FF,Quadrant 4,2,2,50,,#0000FF,0,259.45985496967006
image_1.png,5,False,253.28355986316745,53.166721619241294,20,#0000FF,Quadrant 2,1,2,50,,#0000FF,0,96.0570683829154
image_1.png,5,False,110.5610611839123,200.22155073301278,20,#0000FF,Quadrant 3,2,1,50,,#0000FF,0,315.30705853614984
image_1.png,5,False,355.97332327234216,340.0560193982979,20,#0000FF,Quadrant 4,2,2,50,,#0000FF,0,64.31467699084729
image_1.png,5,False,299.2290824284072,214.88527338521854,20,#0000FF,Quadrant 4,2,2,50,,#0000FF,0,55.02213667786853
image_1.png,5,False,211.47368808977708,11.216176736362645,20,#0000FF,Quadrant 2,1,2,50,,#0000FF,0,280.305532307001
image_1.png,5,False,18.36220862184461,362.1992769480253,20,#0000FF,Quadrant 3,2,1,50,,#0000FF,0,116.69618052168231
image_1.png,5,False,342.88762849912735,368.94689032264176,20,#0000FF,Quadrant 4,2,2,50,,#0000FF,0,20.853059937907517
image_1.png,5,False,138.79634249173813,233.3806955768342,20,#0000FF,Quadrant 3,2,1,50,,#0000FF,0,80.89104133136065
image_1.png,5,False,97.53999428061636,353.24876491631636,20,#0000FF,Quadrant 3,2,1,50,,#0000FF,0,227.1970646172356
image_1.png,5,False,226.85428927695753,189.66964794585817,20,#0000FF,Quadrant 2,1,2,50,,#0000FF,0,336.7851266090416
image_1.png,5,False,316.2338651557912,82.97494762878978,20,#0000FF,Quadrant 2,1,2,50,,#0000FF,0,282.4629927446712
image_1.png,5,False,173.9373469496107,171.11271950153005,20,#0000FF,Quadrant 1,1,1,50,,#0000FF,0,34.895093122376394
image_1.png,5,False,286.59067109582355,265.531798876868,20,#0000FF,Quadrant 4,2,2,50,,#0000FF,0,168.12888049320298
image_1.png,5,False,48.201955295440456,163.1908446346576,20,#0000FF,Quadrant 1,1,1,50,,#0000FF,0,354.2994760917478
image_1.png,5,False,336.712218741355,104.99209422186797,20,#0000FF,Quadrant 2,1,2,50,,#0000FF,0,122.14893794218673
image_1.png,5,False,336.58996159997196,219.02296810604255,20,#0000FF,Quadrant 4,2,2,50,,#0000FF,0,159.5270682192445
image_1.png,5,False,388.72877306001067,327.0184271602218,20,#0000FF,Quadrant 4,2,2,50,,#0000FF,0,18.211798628957247
image_1.png,5,False,194.5723454203716,91.79647909729067,20,#0000FF,Quadrant 1,1,1,50,,#0000FF,0,59.87199981740905
image_1.png,5,False,111.24675598907343,307.3786875365592,20,#0000FF,Quadrant 3,2,1,50,,#0000FF,0,354.7111837607013
image_1.png,5,False,123.15555803694527,377.17213995834203,20,#0000FF,Quadrant 3,2,1,50,,#0000FF,0,55.72685709866309
image_1.png,5,False,70.50957116112468,374.17442543774223,20,#0000FF,Quadrant 3,2,1,50,,#0000FF,0,306.97916113738273
image_1.png,5,False,81.24183525071338,235.92327023811046,20,#0000FF,Quadrant 3,2,1,50,,#0000FF,0,28.840127486611276
image_1.png,5,False,169.46701799695978,231.62812535208295,20,#0000FF,Quadrant 3,2,1,50,,#0000FF,0,222.97734371955713
image_1.png,5,False,364.3189654243695,88.20997738209677,20,#0000FF,Quadrant 2,1,2,50,,#0000FF,0,188.2017775915052
image_2.png,2,True,60.47199064417854,254.9992981806315,20,#0000FF,Quadrant 3,2,1,3,50,#0000FF,0,95.62122451128738
image_2.png,5,False,362.16892938468436,364.7075606541432,20,#00FF00,Quadrant 4,2,2,3,,#00FF00,0,164.60084612536272
image_2.png,5,False,245.79819857638907,223.8115980515216,20,#00FF00,Quadrant 4,2,2,3,,#00FF00,0,3.3535644783287033
image_2.png,5,False,214.22580475041514,202.2244143504333,20,#00FF00,Quadrant 4,2,2,3,,#00FF00,0,35.993249612851855
image_3.png,2,True,150.68123954329815,70.62830263103368,20,#FF0000,Quadrant 1,1,1,1,50,#FF0000,0,316.5372872944354
image_3.png,5,False,276.93809168302624,242.21419544440914,20,#00FF00,Quadrant 4,2,2,1,,#00FF00,0,300.1481836703305
image_4.png,2,True,261.76093425717727,365.91554148444527,20,#0000FF,Quadrant 4,2,2,30,50,#0000FF,0,107.77635079199204
image_4.png,5,False,54.63203741842064,51.45959957415987,20,#FF0000,Quadrant 1,1,1,30,,#FF0000,0,48.344801181612375
image_4.png,5,False,113.94762425500056,239.62567461742464,20,#FF0000,Quadrant 3,2,1,30,,#FF0000,0,199.16051071853371
image_4.png,5,False,87.9597840597772,250.74194845856013,20,#FF0000,Quadrant 3,2,1,30,,#FF0000,0,258.34038736996723
image_4.png,5,False,195.66504011246434,353.21719362798416,20,#FF0000,Quadrant 3,2,1,30,,#FF0000,0,95.03420458694738
image_4.png,5,False,45.88882079541323,171.11164202908856,20,#FF0000,Quadrant 1,1,1,30,,#FF0000,0,304.59733678614793
image_4.png,5,False,12.34027047518171,302.48306630141906,20,#FF0000,Quadrant 3,2,1,30,,#FF0000,0,99.6048806300106
image_4.png,5,False,110.01908920018361,291.18528335551787,20,#FF0000,Quadrant 3,2,1,30,,#FF0000,0,229.36081582849667
image_4.png,5,False,172.6656553746968,14.655146451952508,20,#FF0000,Quadrant 1,1,1,30,,#FF0000,0,198.60495160550084
image_4.png,5,False,344.81421666745405,352.6850000496396,20,#FF0000,Quadrant 4,2,2,30,,#FF0000,0,27.087789626556138
image_4.png,5,False,326.4769175169143,231.18861613314215,20,#FF0000,Quadrant 4,2,2,30,,#FF0000,0,196.41250411398804
image_4.png,5,False,59.174406288648456,127.52165627359054,20,#FF0000,Quadrant 1,1,1,30,,#FF0000,0,53.31376280429375
image_4.png,5,False,311.93423124767975,336.34557599634127,20,#FF0000,Quadrant 4,2,2,30,,#FF0000,0,323.6333359473324
image_4.png,5,False,90.40893149242703,105.32224142626544,20,#FF0000,Quadrant 1,1,1,30,,#FF0000,0,323.61286914953087
image_4.png,5,False,245.61005083696944,69.42116188957336,20,#FF0000,Quadrant 2,1,2,30,,#FF0000,0,146.29586033956204
image_4.png,5,False,337.82095317114636,380.00588044790396,20,#FF0000,Quadrant 4,2,2,30,,#FF0000,0,334.7571656497228
image_4.png,5,False,344.1753253627366,20.369244797515336,20,#FF0000,Quadrant 2,1,2,30,,#FF0000,0,291.8778191785429
image_4.png,5,False,136.56610688375002,362.84840492626705,20,#FF0000,Quadrant 3,2,1,30,,#FF0000,0,265.16320983182953
image_4.png,5,False,337.6162027258556,317.463241665119,20,#FF0000,Quadrant 4,2,2,30,,#FF0000,0,288.80465001737
image_4.png,5,False,308.6275644532081,51.86014678031779,20,#FF0000,Quadrant 2,1,2,30,,#FF0000,0,96.05005545400994
image_4.png,5,False,335.54824900568144,95.07994523226115,20,#FF0000,Quadrant 2,1,2,30,,#FF0000,0,313.9800418461923
image_4.png,5,False,184.9946227086401,126.36214785399102,20,#FF0000,Quadrant 1,1,1,30,,#FF0000,0,293.9711780148944
image_4.png,5,False,97.0310942401372,19.945156317148673,20,#FF0000,Quadrant 1,1,1,30,,#FF0000,0,286.32437969503025
image_4.png,5,False,135.08301755273305,337.72541208744826,20,#FF0000,Quadrant 3,2,1,30,,#FF0000,0,69.52672379797512
image_4.png,5,False,381.8745817609423,213.68954687695688,20,#FF0000,Quadrant 4,2,2,30,,#FF0000,0,143.88421836962192
image_4.png,5,False,54.599182199839625,377.81143096640216,20,#FF0000,Quadrant 3,2,1,30,,#FF0000,0,338.12537051689765
image_4.png,5,False,374.83797135786796,111.34628503368214,20,#FF0000,Quadrant 2,1,2,30,,#FF0000,0,64.28441382208692
image_4.png,5,False,175.26510073743557,286.3900329267222,20,#FF0000,Quadrant 3,2,1,30,,#FF0000,0,39.024916997295996
image_4.png,5,False,240.14694654972214,204.3179165550627,20,#FF0000,Quadrant 4,2,2,30,,#FF0000,0,112.92383311019684
image_4.png,5,False,228.95028044171463,107.28510732038397,20,#FF0000,Quadrant 2,1,2,30,,#FF0000,0,138.6703560041018
image_4.png,5,False,11.639303166641938,360.86741255865326,20,#FF0000,Quadrant 3,2,1,30,,#FF0000,0,255.1627021803014
image_5.png,2,True,369.6745556971568,359.0513836504192,20,#0000FF,Quadrant 4,2,2,10,50,#0000FF,0,155.2670638649953
image_5.png,5,False,261.76046602837573,58.10836932113101,20,#FF0000,Quadrant 2,1,2,10,,#FF0000,0,224.3359475807073
image_5.png,5,False,202.69230652533173,263.0855177519658,20,#FF0000,Quadrant 4,2,2,10,,#FF0000,0,324.0168606349529
image_5.png,5,False,274.5447805654828,220.567916558048,20,#FF0000,Quadrant 4,2,2,10,,#FF0000,0,117.42584574866396
image_5.png,5,False,262.3433261324276,154.3169147523208,20,#FF0000,Quadrant 2,1,2,10,,#FF0000,0,69.0624334764531
image_5.png,5,False,76.78233573335882,226.12178633927593,20,#FF0000,Quadrant 3,2,1,10,,#FF0000,0,269.3284416572004
image_5.png,5,False,326.1481139969337,125.86473082343774,20,#FF0000,Quadrant 2,1,2,10,,#FF0000,0,146.18706075293863
image_5.png,5,False,308.0168367865253,240.31807364135028,20,#FF0000,Quadrant 4,2,2,10,,#FF0000,0,75.66576655775108
image_5.png,5,False,177.9951143647462,266.38709414585776,20,#FF0000,Quadrant 3,2,1,10,,#FF0000,0,116.00972270515373
image_5.png,5,False,311.03198086206874,373.81649739218767,20,#FF0000,Quadrant 4,2,2,10,,#FF0000,0,184.02263887485134
image_5.png,5,False,260.0455816094034,118.27126108736437,20,#FF0000,Quadrant 2,1,2,10,,#FF0000,0,264.9461205384798
image_6.png,2,True,294.9302159903968,265.31676347060915,20,#0000FF,Quadrant 4,2,2,1,50,#0000FF,0,294.6324472331991
image_6.png,5,False,86.27111457064598,20.232796560740358,20,#00FF00,Quadrant 1,1,1,1,,#00FF00,0,80.87063975902377
image_7.png,2,True,38.52907063176713,167.65870215713792,20,#FF0000,Quadrant 1,1,1,50,50,#FF0000,0,305.9055700649035
image_7.png,5,False,84.49651948761012,274.2219066854109,20,#00FF00,Quadrant 3,2,1,50,,#00FF00,0,226.71553706557694
image_7.png,5,False,294.86457216178275,302.0774592809815,20,#00FF00,Quadrant 4,2,2,50,,#00FF00,0,1.9961345296914335
image_7.png,5,False,171.7052613103535,77.48516568506896,20,#00FF00,Quadrant 1,1,1,50,,#00FF00,0,38.371426762874016
image_7.png,5,False,206.78802966773404,29.982549583162267,20,#00FF00,Quadrant 2,1,2,50,,#00FF00,0,344.8677752206343
image_7.png,5,False,331.67113929892736,183.54257002772522,20,#00FF00,Quadrant 2,1,2,50,,#00FF00,0,89.7113806775898
image_7.png,5,False,263.3443829176415,384.42334725911735,20,#00FF00,Quadrant 4,2,2,50,,#00FF00,0,288.5099766200152
image_7.png,5,False,370.11497199151296,347.95899995634517,20,#00FF00,Quadrant 4,2,2,50,,#00FF00,0,214.36283464899108
image_7.png,5,False,282.8855573623156,201.80614630362393,20,#00FF00,Quadrant 4,2,2,50,,#00FF00,0,220.5548361942346
image_7.png,5,False,218.09559733089313,350.1446630221731,20,#00FF00,Quadrant 4,2,2,50,,#00FF00,0,299.0049010997094
image_7.png,5,False,190.42693711911414,108.97440531977732,20,#00FF00,Quadrant 1,1,1,50,,#00FF00,0,267.71595917745054
image_7.png,5,False,252.03602310138706,300.47757266432853,20,#00FF00,Quadrant 4,2,2,50,,#00FF00,0,89.00630550347744
image_7.png,5,False,247.91090917911333,114.79783493482947,20,#00FF00,Quadrant 2,1,2,50,,#00FF00,0,187.66793261807356
image_7.png,5,False,119.00524102627165,113.70831047706578,20,#00FF00,Quadrant 1,1,1,50,,#00FF00,0,27.894007391304893
image_7.png,5,False,215.17754011197653,63.305395253106866,20,#00FF00,Quadrant 2,1,2,50,,#00FF00,0,115.09544463075443
image_7.png,5,False,273.31302904904175,278.02643556054073,20,#00FF00,Quadrant 4,2,2,50,,#00FF00,0,83.25413270214725
image_7.png,5,False,165.0725617339698,216.10701111048,20,#00FF00,Quadrant 3,2,1,50,,#00FF00,0,23.122386256996105
image_7.png,5,False,89.18339923644707,169.8142497183549,20,#00FF00,Quadrant 1,1,1,50,,#00FF00,0,149.67872427713615
image_7.png,5,False,231.7820185691971,273.90768889623195,20,#00FF00,Quadrant 4,2,2,50,,#00FF00,0,325.7418522024637
image_7.png,5,False,300.39474977263023,154.784028934675,20,#00FF00,Quadrant 2,1,2,50,,#00FF00,0,308.42353162941635
image_7.png,5,False,143.96482740994972,295.81359727244785,20,#00FF00,Quadrant 3,2,1,50,,#00FF00,0,2.122590090237506
image_7.png,5,False,371.3966679417002,169.39004483407265,20,#00FF00,Quadrant 2,1,2,50,,#00FF00,0,307.24126220487767
image_7.png,5,False,217.43801307939117,239.02947861978922,20,#00FF00,Quadrant 4,2,2,50,,#00FF00,0,269.1056408320983
image_7.png,5,False,138.05696751798857,267.7156325407162,20,#00FF00,Quadrant 3,2,1,50,,#00FF00,0,10.448935180817486
image_7.png,5,False,246.21313124819645,21.193318820142046,20,#00FF00,Quadrant 2,1,2,50,,#00FF00,0,45.94600702121785
image_7.png,5,False,62.294406173153284,185.52201185147143,20,#00FF00,Quadrant 1,1,1,50,,#00FF00,0,231.38987328336088
image_7.png,5,False,325.46737978869305,106.35863901373986,20,#00FF00,Quadrant 2,1,2,50,,#00FF00,0,270.72353647972255
image_7.png,5,False,18.32688250490404,214.90040011471774,20,#00FF00,Quadrant 3,2,1,50,,#00FF00,0,29.486243794191317
image_7.png,5,False,86.35833793303743,18.703646547085626,20,#00FF00,Quadrant 1,1,1,50,,#00FF00,0,341.860223777756
image_7.png,5,False,58.711528502449966,264.0554432663262,20,#00FF00,Quadrant 3,2,1,50,,#00FF00,0,54.857644482524535
image_7.png,5,False,74.42429619302925,240.53955269077218,20,#00FF00,Quadrant 3,2,1,50,,#00FF00,0,276.0833154082467
image_7.png,5,False,54.29342538122332,320.69584388959015,20,#00FF00,Quadrant 3,2,1,50,,#00FF00,0,269.2532347039029
image_7.png,5,False,51.86132737057528,20.706444838042152,20,#00FF00,Quadrant 1,1,1,50,,#00FF00,0,347.29947829227154
image_7.png,5,False,281.2755585086991,39.72666862467666,20,#00FF00,Quadrant 2,1,2,50,,#00FF00,0,142.79559894598583
image_7.png,5,False,248.0976255371948,49.51869345857913,20,#00FF00,Quadrant 2,1,2,50,,#00FF00,0,248.62118973587292
image_7.png,5,False,332.410844375565,237.95559040076708,20,#00FF00,Quadrant 4,2,2,50,,#00FF00,0,278.09311858244064
image_7.png,5,False,382.89316487254575,306.8361609244654,20,#00FF00,Quadrant 4,2,2,50,,#00FF00,0,43.57982342423344
image_7.png,5,False,172.9268890027334,151.07579121042522,20,#00FF00,Quadrant 1,1,1,50,,#00FF00,0,124.99335551104164
image_7.png,5,False,139.98538409756503,332.1395870058402,20,#00FF00,Quadrant 3,2,1,50,,#00FF00,0,182.14588428374805
image_7.png,5,False,50.89369310343147,374.1777004071107,20,#00FF00,Quadrant 3,2,1,50,,#00FF00,0,296.0391305124209
image_7.png,5,False,324.2513635589292,278.36266732089706,20,#00FF00,Quadrant 4,2,2,50,,#00FF00,0,228.81063819652053
image_7.png,5,False,288.37462491706214,375.94907040799336,20,#00FF00,Quadrant 4,2,2,50,,#00FF00,0,156.77537220276375
image_7.png,5,False,316.49930470895373,214.42935863744069,20,#00FF00,Quadrant 4,2,2,50,,#00FF00,0,97.2296626994643
image_7.png,5,False,175.64715835547204,287.32790900733625,20,#00FF00,Quadrant 3,2,1,50,,#00FF00,0,174.0591013979506
image_7.png,5,False,332.94757448730746,325.01632514064806,20,#00FF00,Quadrant 4,2,2,50,,#00FF00,0,96.62239369772112
image_7.png,5,False,241.7053841991368,154.2579569604838,20,#00FF00,Quadrant 2,1,2,50,,#00FF00,0,167.29504797716342
image_7.png,5,False,332.66017212610956,79.7354660056075,20,#00FF00,Quadrant 2,1,2,50,,#00FF00,0,10.33199919723225
image_7.png,5,False,276.0474576255722,115.4295216358379,20,#00FF00,Quadrant 2,1,2,50,,#00FF00,0,316.91519271296113
image_7.png,5,False,369.36765439971776,43.361699620132036,20,#00FF00,Quadrant 2,1,2,50,,#00FF00,0,3.65440119792376
image_7.png,5,False,255.15129610207995,196.53046465970556,20,#00FF00,Quadrant 2,1,2,50,,#00FF00,0,248.6193622007483
image_7.png,5,False,46.174166509665895,94.7634393786164,20,#00FF00,Quadrant 1,1,1,50,,#00FF00,0,285.4558325276343
image_8.png,2,True,150.48973034987196,220.21277699387437,20,#0000FF,Quadrant 3,2,1,5,50,#0000FF,0,239.02560777485377
image_8.png,5,False,387.7266933766275,219.0468427020245,20,#FF0000,Quadrant 4,2,2,5,,#FF0000,0,123.75266189263291
image_8.png,5,False,182.51570935850148,126.9034907298579,20,#FF0000,Quadrant 1,1,1,5,,#FF0000,0,126.65178994110059
image_8.png,5,False,283.6454772412543,130.2771228342629,20,#FF0000,Quadrant 2,1,2,5,,#FF0000,0,82.99369486746279
image_8.png,5,False,370.4317178287183,271.8818234651285,20,#FF0000,Quadrant 4,2,2,5,,#FF0000,0,267.43718291007747
image_8.png,5,False,298.35858445102525,236.58689991365006,20,#FF0000,Quadrant 4,2,2,5,,#FF0000,0,212.2512861458847
image_9.png,2,True,78.82890351308245,16.34808282279213,20,#FF0000,Quadrant 1,1,1,5,50,#FF0000,0,81.89393885371969
image_9.png,5,False,114.68968152407504,379.2834839568349,20,#0000FF,Quadrant 3,2,1,5,,#0000FF,0,192.28863213635879
image_9.png,5,False,274.6237745200535,58.73364833827856,20,#0000FF,Quadrant 2,1,2,5,,#0000FF,0,199.20922804749898
image_9.png,5,False,196.55214652998842,340.8880598294461,20,#0000FF,Quadrant 3,2,1,5,,#0000FF,0,312.64603101465985
image_9.png,5,False,188.43204518373287,177.49720569541188,20,#0000FF,Quadrant 1,1,1,5,,#0000FF,0,206.6631190654796
image_9.png,5,False,30.420399095392423,366.722039578343,20,#0000FF,Quadrant 3,2,1,5,,#0000FF,0,66.37092134042942
image_10.png,2,True,39.00306035663184,248.93047722785536,20,#00FF00,Quadrant 3,2,1,1,50,#00FF00,0,144.25467921069833
image_10.png,5,False,67.39668693104164,223.75336769796527,20,#FF0000,Quadrant 3,2,1,1,,#FF0000,0,19.299266745311932
image_11.png,2,True,299.9596223333014,240.18807216983993,20,#00FF00,Quadrant 4,2,2,3,50,#00FF00,0,42.642562396126166
image_11.png,5,False,96.30973781058309,208.53241827922236,20,#FF0000,Quadrant 3,2,1,3,,#FF0000,0,284.666698743631
image_11.png,5,False,178.34853951930612,336.1429996822961,20,#FF0000,Quadrant 3,2,1,3,,#FF0000,0,162.18520735995153
image_11.png,5,False,126.43373235271822,245.74832736527213,20,#FF0000,Quadrant 3,2,1,3,,#FF0000,0,356.41125376804723
image_12.png,2,True,111.03623535962281,41.68886194652006,20,#0000FF,Quadrant 1,1,1,3,50,#0000FF,0,225.18541094637715
image_12.png,5,False,219.65306882839292,70.16932863750621,20,#FF0000,Quadrant 2,1,2,3,,#FF0000,0,86.35146396288927
image_12.png,5,False,271.58228932664264,188.62691706490526,20,#FF0000,Quadrant 2,1,2,3,,#FF0000,0,147.06632615760958
image_12.png,5,False,119.90364826641455,117.86754503644477,20,#FF0000,Quadrant 1,1,1,3,,#FF0000,0,11.750347937132744
image_13.png,2,True,308.79899407246444,247.27192670807588,20,#00FF00,Quadrant 4,2,2,3,50,#00FF00,0,332.6079760137175
image_13.png,5,False,363.926677292404,171.702529187392,20,#FF0000,Quadrant 2,1,2,3,,#FF0000,0,238.02589542721242
image_13.png,5,False,255.8059254461377,354.3795262903651,20,#FF0000,Quadrant 4,2,2,3,,#FF0000,0,196.0424563358083
image_13.png,5,False,37.99291833149775,73.71881432543393,20,#FF0000,Quadrant 1,1,1,3,,#FF0000,0,297.5872174740215
image_14.png,2,True,271.3202806781714,275.49933292082113,20,#00FF00,Quadrant 4,2,2,20,50,#00FF00,0,44.767316942894965
image_14.png,5,False,200.17848295057587,197.65459291244187,20,#0000FF,Quadrant 2,1,2,20,,#0000FF,0,339.3634466678547
image_14.png,5,False,26.067376421405733,174.30683505277204,20,#0000FF,Quadrant 1,1,1,20,,#0000FF,0,28.95906668374835
image_14.png,5,False,105.63906711173748,45.521563146512406,20,#0000FF,Quadrant 1,1,1,20,,#0000FF,0,116.03577000898798
image_14.png,5,False,326.99235605653655,228.42526328513372,20,#0000FF,Quadrant 4,2,2,20,,#0000FF,0,346.28799678942124
image_14.png,5,False,388.8383735796766,265.1224388666244,20,#0000FF,Quadrant 4,2,2,20,,#0000FF,0,342.2830600102869
image_14.png,5,False,26.207572448664912,296.8696178959466,20,#0000FF,Quadrant 3,2,1,20,,#0000FF,0,97.0239693481394
image_14.png,5,False,257.2705870059334,357.2755138363181,20,#0000FF,Quadrant 4,2,2,20,,#0000FF,0,169.38029637058807
image_14.png,5,False,232.25459835502895,250.94862395364484,20,#0000FF,Quadrant 4,2,2,20,,#0000FF,0,65.33609300032533
image_14.png,5,False,45.48962957906667,142.52927927937787,20,#0000FF,Quadrant 1,1,1,20,,#0000FF,0,177.02128878876482
image_14.png,5,False,264.3104665990081,335.2231096833333,20,#0000FF,Quadrant 4,2,2,20,,#0000FF,0,119.99102171943312
image_14.png,5,False,273.2086487657375,119.94632664663027,20,#0000FF,Quadrant 2,1,2,20,,#0000FF,0,118.72931888842754
image_14.png,5,False,129.88748541032348,133.19749121232599,20,#0000FF,Quadrant 1,1,1,20,,#0000FF,0,163.7373270966226
image_14.png,5,False,163.77817154628184,205.51738338040172,20,#0000FF,Quadrant 3,2,1,20,,#0000FF,0,349.26650165108776
image_14.png,5,False,259.5956260906228,216.10037866701973,20,#0000FF,Quadrant 4,2,2,20,,#0000FF,0,355.7229173214315
image_14.png,5,False,81.90620064713126,147.75259775933324,20,#0000FF,Quadrant 1,1,1,20,,#0000FF,0,148.76912548775573
image_14.png,5,False,247.4045045308134,298.2764226310644,20,#0000FF,Quadrant 4,2,2,20,,#0000FF,0,272.31953546000653
image_14.png,5,False,218.60502357425537,361.66030359920126,20,#0000FF,Quadrant 4,2,2,20,,#0000FF,0,73.28096580609859
image_14.png,5,False,274.93851100818114,56.8990595110703,20,#0000FF,Quadrant 2,1,2,20,,#0000FF,0,157.72179422605618
image_14.png,5,False,241.15349015698274,101.45444075985183,20,#0000FF,Quadrant 2,1,2,20,,#0000FF,0,350.33285369581
image_14.png,5,False,219.21714464700923,219.7510326223111,20,#0000FF,Quadrant 4,2,2,20,,#0000FF,0,57.01613896988366
image_15.png,2,True,55.40220435585275,325.55011968464464,20,#FF0000,Quadrant 3,2,1,1,50,#FF0000,0,166.12124190436202
image_15.png,5,False,281.876057224897,203.35362169627544,20,#0000FF,Quadrant 4,2,2,1,,#0000FF,0,179.4151816945903
image_16.png,2,True,103.1302824964023,219.37819906081754,20,#00FF00,Quadrant 3,2,1,20,50,#00FF00,0,352.8880677372152
image_16.png,5,False,359.4661606741304,203.11505702211392,20,#0000FF,Quadrant 4,2,2,20,,#0000FF,0,138.09096476897398
image_16.png,5,False,337.6021812140063,115.42151826673148,20,#0000FF,Quadrant 2,1,2,20,,#0000FF,0,316.5574518527314
image_16.png,5,False,167.84823610240846,364.1458928119926,20,#0000FF,Quadrant 3,2,1,20,,#0000FF,0,284.40222552112084
image_16.png,5,False,232.8624590725529,388.58508196069005,20,#0000FF,Quadrant 4,2,2,20,,#0000FF,0,107.48010591783618
image_16.png,5,False,67.1690681486943,214.58345837206426,20,#0000FF,Quadrant 3,2,1,20,,#0000FF,0,176.27052479605237
image_16.png,5,False,219.62478365276655,216.4165637983784,20,#0000FF,Quadrant 4,2,2,20,,#0000FF,0,124.2446190094827
image_16.png,5,False,132.63183838657613,82.31059726128585,20,#0000FF,Quadrant 1,1,1,20,,#0000FF,0,163.9240620719404
image_16.png,5,False,227.13950867029263,99.2866046098836,20,#0000FF,Quadrant 2,1,2,20,,#0000FF,0,251.0994339434057
image_16.png,5,False,27.498679058780123,292.49854729164406,20,#0000FF,Quadrant 3,2,1,20,,#0000FF,0,279.1960110357332
image_16.png,5,False,317.71256516952343,156.93776844159132,20,#0000FF,Quadrant 2,1,2,20,,#0000FF,0,253.8820371690009
image_16.png,5,False,321.2425745462118,381.74925641339877,20,#0000FF,Quadrant 4,2,2,20,,#0000FF,0,238.92797861443248
image_16.png,5,False,24.993413088627797,200.8660547502611,20,#0000FF,Quadrant 3,2,1,20,,#0000FF,0,178.3183138619125
image_16.png,5,False,339.74671845091746,341.44396139252854,20,#0000FF,Quadrant 4,2,2,20,,#0000FF,0,212.46495455144412
image_16.png,5,False,209.8095108132582,183.71881215126356,20,#0000FF,Quadrant 2,1,2,20,,#0000FF,0,158.51023551744376
image_16.png,5,False,165.97191826412575,258.50734138968335,20,#0000FF,Quadrant 3,2,1,20,,#0000FF,0,260.07977792543136
image_16.png,5,False,272.8423382658414,256.638254674965,20,#0000FF,Quadrant 4,2,2,20,,#0000FF,0,121.8820442585154
image_16.png,5,False,130.69791618682507,282.6751867342876,20,#0000FF,Quadrant 3,2,1,20,,#0000FF,0,136.80338310815583
image_16.png,5,False,340.7607805766467,24.569859738645526,20,#0000FF,Quadrant 2,1,2,20,,#0000FF,0,273.3846513603709
image_16.png,5,False,249.57886437105412,359.11119933895213,20,#0000FF,Quadrant 4,2,2,20,,#0000FF,0,24.63146898535852
image_16.png,5,False,293.2776866269364,175.0412163869415,20,#0000FF,Quadrant 2,1,2,20,,#0000FF,0,359.07333226423754
image_17.png,2,True,124.19817833225648,21.94206027228074,20,#FF0000,Quadrant 1,1,1,20,50,#FF0000,0,59.89132322252106
image_17.png,5,False,32.213068223692616,146.49914338953738,20,#0000FF,Quadrant 1,1,1,20,,#0000FF,0,116.7748800412688
image_17.png,5,False,103.30662936554005,166.7555611127675,20,#0000FF,Quadrant 1,1,1,20,,#0000FF,0,155.04724362794403
image_17.png,5,False,79.0615029651956,77.17621621377792,20,#0000FF,Quadrant 1,1,1,20,,#0000FF,0,245.44813368698215
image_17.png,5,False,155.60174487717833,269.2248712259059,20,#0000FF,Quadrant 3,2,1,20,,#0000FF,0,219.41704327987324
image_17.png,5,False,231.43339538647604,98.76723194356757,20,#0000FF,Quadrant 2,1,2,20,,#0000FF,0,179.16021085246237
image_17.png,5,False,184.7176486888043,263.0657911267297,20,#0000FF,Quadrant 3,2,1,20,,#0000FF,0,229.64566716128468
image_17.png,5,False,186.86573058856396,119.72476965290986,20,#0000FF,Quadrant 1,1,1,20,,#0000FF,0,323.60707141211554
image_17.png,5,False,38.91979830692598,368.2990700052962,20,#0000FF,Quadrant 3,2,1,20,,#0000FF,0,196.7753295367302
image_17.png,5,False,124.0803061687859,374.64698952726104,20,#0000FF,Quadrant 3,2,1,20,,#0000FF,0,355.5546102786497
image_17.png,5,False,333.56080337355024,51.31493508565243,20,#0000FF,Quadrant 2,1,2,20,,#0000FF,0,359.7744835800645
image_17.png,5,False,146.68656156419894,122.83976350156658,20,#0000FF,Quadrant 1,1,1,20,,#0000FF,0,137.29114715674646
image_17.png,5,False,19.29316799091557,324.754198244295,20,#0000FF,Quadrant 3,2,1,20,,#0000FF,0,251.74046863826416
image_17.png,5,False,379.02186476095557,355.2132085056726,20,#0000FF,Quadrant 4,2,2,20,,#0000FF,0,280.19218167722806
image_17.png,5,False,325.8131040764652,352.30939917401514,20,#0000FF,Quadrant 4,2,2,20,,#0000FF,0,268.2619754882292
image_17.png,5,False,97.98475178681737,314.1302799521187,20,#0000FF,Quadrant 3,2,1,20,,#0000FF,0,279.2667526572171
image_17.png,5,False,82.86989194673937,105.73693041648686,20,#0000FF,Quadrant 1,1,1,20,,#0000FF,0,78.84163401411796
image_17.png,5,False,301.10395275928545,268.3632256008046,20,#0000FF,Quadrant 4,2,2,20,,#0000FF,0,272.00783654700376
image_17.png,5,False,47.72796547030358,248.17916475472413,20,#0000FF,Quadrant 3,2,1,20,,#0000FF,0,49.2405258578756
image_17.png,5,False,309.0947629558382,23.61179281084906,20,#0000FF,Quadrant 2,1,2,20,,#0000FF,0,14.192126625894259
image_17.png,5,False,168.0601693122979,86.9004323777288,20,#0000FF,Quadrant 1,1,1,20,,#0000FF,0,117.61888525704374
image_18.png,2,True,114.01533856927342,73.19779089938618,20,#0000FF,Quadrant 1,1,1,30,50,#0000FF,0,180.64611441534242
image_18.png,5,False,367.90299448474104,376.671180791055,20,#00FF00,Quadrant 4,2,2,30,,#00FF00,0,329.05762327379233
image_18.png,5,False,340.010050624865,314.999899592505,20,#00FF00,Quadrant 4,2,2,30,,#00FF00,0,106.25092170209707
image_18.png,5,False,39.46315842275433,296.0692643771848,20,#00FF00,Quadrant 3,2,1,30,,#00FF00,0,168.59929998697032
image_18.png,5,False,266.6503679435992,265.92555505348867,20,#00FF00,Quadrant 4,2,2,30,,#00FF00,0,81.22129045166533
image_18.png,5,False,330.6914140890101,221.66416958170362,20,#00FF00,Quadrant 4,2,2,30,,#00FF00,0,143.06813827318777
image_18.png,5,False,160.1491838042531,110.9653426172162,20,#00FF00,Quadrant 1,1,1,30,,#00FF00,0,32.50903520468999
image_18.png,5,False,150.32537895686272,294.1263861368956,20,#00FF00,Quadrant 3,2,1,30,,#00FF00,0,44.49194523485725
image_18.png,5,False,155.02763872499565,252.37162322871635,20,#00FF00,Quadrant 3,2,1,30,,#00FF00,0,94.37810696990512
image_18.png,5,False,266.08821793187167,189.2182560969838,20,#00FF00,Quadrant 2,1,2,30,,#00FF00,0,133.7305107638582
image_18.png,5,False,367.51793342986696,134.9863745269681,20,#00FF00,Quadrant 2,1,2,30,,#00FF00,0,223.03687213603064
image_18.png,5,False,28.141094563058438,25.066184468938488,20,#00FF00,Quadrant 1,1,1,30,,#00FF00,0,42.0033372217396
image_18.png,5,False,54.89354171409139,99.7544122590424,20,#00FF00,Quadrant 1,1,1,30,,#00FF00,0,358.5338549118106
image_18.png,5,False,157.90812417475388,151.24235285404166,20,#00FF00,Quadrant 1,1,1,30,,#00FF00,0,193.5167781177093
image_18.png,5,False,274.2709488390252,215.1927632721507,20,#00FF00,Quadrant 4,2,2,30,,#00FF00,0,341.77707662828595
image_18.png,5,False,285.6544789106373,345.686410314041,20,#00FF00,Quadrant 4,2,2,30,,#00FF00,0,211.4425243974987
image_18.png,5,False,326.13598548600953,243.7165369113371,20,#00FF00,Quadrant 4,2,2,30,,#00FF00,0,235.77188309764702
image_18.png,5,False,116.74177295242811,271.926090896579,20,#00FF00,Quadrant 3,2,1,30,,#00FF00,0,338.0591036569159
image_18.png,5,False,254.7445340870225,33.88793370497811,20,#00FF00,Quadrant 2,1,2,30,,#00FF00,0,324.6106364728757
image_18.png,5,False,378.0732719605648,30.118677030565994,20,#00FF00,Quadrant 2,1,2,30,,#00FF00,0,230.21745067069338
image_18.png,5,False,384.7743016898574,308.4777217910474,20,#00FF00,Quadrant 4,2,2,30,,#00FF00,0,120.06329631570576
image_18.png,5,False,318.3340268637603,99.07350067939988,20,#00FF00,Quadrant 2,1,2,30,,#00FF00,0,211.09791008936227
image_18.png,5,False,312.8382253047817,52.55215950220664,20,#00FF00,Quadrant 2,1,2,30,,#00FF00,0,194.4775644707345
image_18.png,5,False,60.82162077439725,146.4155815438494,20,#00FF00,Quadrant 1,1,1,30,,#00FF00,0,311.9212398624484
image_18.png,5,False,58.91472952343095,170.12309051200992,20,#00FF00,Quadrant 1,1,1,30,,#00FF00,0,95.53230299699041
image_18.png,5,False,35.0249384196175,180.44803099401622,20,#00FF00,Quadrant 1,1,1,30,,#00FF00,0,40.91375044315678
image_18.png,5,False,235.40575475411424,181.85804872550833,20,#00FF00,Quadrant 2,1,2,30,,#00FF00,0,130.33403057430434
image_18.png,5,False,243.510384115517,285.8978529278919,20,#00FF00,Quadrant 4,2,2,30,,#00FF00,0,79.7579123105826
image_18.png,5,False,260.06536185077243,125.01626437261754,20,#00FF00,Quadrant 2,1,2,30,,#00FF00,0,327.15060764635444
image_18.png,5,False,22.77494173491,388.4657934237656,20,#00FF00,Quadrant 3,2,1,30,,#00FF00,0,231.60264631397595
image_18.png,5,False,172.13142808783687,51.809571618747874,20,#00FF00,Quadrant 1,1,1,30,,#00FF00,0,305.0274755402074
image_19.png,2,True,132.75826786411125,67.07018609961781,20,#0000FF,Quadrant 1,1,1,1,50,#0000FF,0,323.7360354444725
image_19.png,5,False,246.99201283829657,232.26785227118975,20,#00FF00,Quadrant 4,2,2,1,,#00FF00,0,45.42897178982018
image_20.png,2,True,211.55048454904068,182.50442784352828,20,#0000FF,Quadrant 2,1,2,15,50,#0000FF,0,358.0659921099325
image_20.png,5,False,48.48945851467787,276.27262021041304,20,#00FF00,Quadrant 3,2,1,15,,#00FF00,0,217.95364495271264
image_20.png,5,False,257.0464993251335,301.66791197959117,20,#00FF00,Quadrant 4,2,2,15,,#00FF00,0,307.00538542640703
image_20.png,5,False,92.27871907179383,181.6877582348764,20,#00FF00,Quadrant 1,1,1,15,,#00FF00,0,259.5023699967357
image_20.png,5,False,139.11615191969622,182.42258529901508,20,#00FF00,Quadrant 1,1,1,15,,#00FF00,0,82.25768677125038
image_20.png,5,False,46.942447246188465,172.3167943666421,20,#00FF00,Quadrant 1,1,1,15,,#00FF00,0,149.7562740941383
image_20.png,5,False,152.48578685863293,68.69751356257758,20,#00FF00,Quadrant 1,1,1,15,,#00FF00,0,239.4388307017112
image_20.png,5,False,36.376390475652855,325.409773843495,20,#00FF00,Quadrant 3,2,1,15,,#00FF00,0,332.27461286437835
image_20.png,5,False,221.30813806260235,232.68380127552228,20,#00FF00,Quadrant 4,2,2,15,,#00FF00,0,292.23694269986123
image_20.png,5,False,283.56093656604446,377.0546803677374,20,#00FF00,Quadrant 4,2,2,15,,#00FF00,0,312.5131735928634
image_20.png,5,False,143.9222581920103,229.45319995136515,20,#00FF00,Quadrant 3,2,1,15,,#00FF00,0,216.14763284088374
image_20.png,5,False,259.24632252952154,95.76456052265979,20,#00FF00,Quadrant 2,1,2,15,,#00FF00,0,76.5859700419222
image_20.png,5,False,330.55115223130844,149.93807713260236,20,#00FF00,Quadrant 2,1,2,15,,#00FF00,0,38.958617493815986
image_20.png,5,False,228.0098016372929,316.1296782955862,20,#00FF00,Quadrant 4,2,2,15,,#00FF00,0,274.5380274972659
image_20.png,5,False,379.3786156035177,320.3653529063731,20,#00FF00,Quadrant 4,2,2,15,,#00FF00,0,304.2558580782089
image_20.png,5,False,253.94028392767626,20.923948289454525,20,#00FF00,Quadrant 2,1,2,15,,#00FF00,0,220.88638099276733
image_21.png,2,True,276.6201361431986,127.79621237770604,20,#0000FF,Quadrant 2,1,2,0,50,#0000FF,0,64.94978590590759
image_22.png,2,True,65.149063349287,259.4762719683087,20,#00FF00,Quadrant 3,2,1,0,50,#00FF00,0,65.30600095652471
image_23.png,2,True,211.52245631307534,153.2014853559187,20,#FF0000,Quadrant 2,1,2,0,50,#FF0000,0,33.032765899600314
image_24.png,2,True,283.76327580673046,304.6438643474281,20,#00FF00,Quadrant 4,2,2,2,50,#00FF00,0,133.2191132917214
image_24.png,5,False,43.113761111373776,30.886136388847234,20,#0000FF,Quadrant 1,1,1,2,,#0000FF,0,204.333680381183
image_24.png,5,False,244.54283276803955,265.76017261175673,20,#0000FF,Quadrant 4,2,2,2,,#0000FF,0,56.66756295857513
image_25.png,2,True,178.0927025717605,114.25706716988286,20,#00FF00,Quadrant 1,1,1,15,50,#00FF00,0,174.83821376075866
image_25.png,5,False,54.02301806565626,173.50735342440254,20,#0000FF,Quadrant 1,1,1,15,,#0000FF,0,271.7795317206134
image_25.png,5,False,267.4678042993303,194.94718077168682,20,#0000FF,Quadrant 2,1,2,15,,#0000FF,0,101.96872922896176
image_25.png,5,False,28.167763064473604,160.40956372112373,20,#0000FF,Quadrant 1,1,1,15,,#0000FF,0,240.16772114508584
image_25.png,5,False,13.905718470155726,124.93651884296911,20,#0000FF,Quadrant 1,1,1,15,,#0000FF,0,215.75698450000215
image_25.png,5,False,62.874756387269606,107.58637252011161,20,#0000FF,Quadrant 1,1,1,15,,#0000FF,0,76.04423251931242
image_25.png,5,False,13.921904683199912,293.3713386564522,20,#0000FF,Quadrant 3,2,1,15,,#0000FF,0,118.12404813762281
image_25.png,5,False,154.7184144803593,276.98773755864687,20,#0000FF,Quadrant 3,2,1,15,,#0000FF,0,63.25012867530323
image_25.png,5,False,326.00788851471395,315.74367052223676,20,#0000FF,Quadrant 4,2,2,15,,#0000FF,0,180.09444476023674
image_25.png,5,False,336.74692884453844,26.990254870735143,20,#0000FF,Quadrant 2,1,2,15,,#0000FF,0,25.947178773176823
image_25.png,5,False,359.1994002419119,336.8775851453611,20,#0000FF,Quadrant 4,2,2,15,,#0000FF,0,6.746953170832453
image_25.png,5,False,227.74507937484867,279.1906074730571,20,#0000FF,Quadrant 4,2,2,15,,#0000FF,0,207.2732978652592
image_25.png,5,False,54.53553486691573,18.88377931135505,20,#0000FF,Quadrant 1,1,1,15,,#0000FF,0,150.369825543653
image_25.png,5,False,313.8997743293509,244.6513495290028,20,#0000FF,Quadrant 4,2,2,15,,#0000FF,0,116.91654460038498
image_25.png,5,False,102.97362748299332,233.5933469785007,20,#0000FF,Quadrant 3,2,1,15,,#0000FF,0,304.0143695332909
image_25.png,5,False,136.89993930240388,74.55416364126953,20,#0000FF,Quadrant 1,1,1,15,,#0000FF,0,122.224781213447
image_26.png,2,True,353.4387925372591,143.06385034855975,20,#0000FF,Quadrant 2,1,2,30,50,#0000FF,0,183.5827424362699
image_26.png,5,False,320.56257137639403,319.08398817350536,20,#FF0000,Quadrant 4,2,2,30,,#FF0000,0,261.85647804260554
image_26.png,5,False,66.35591450896848,85.56874146746567,20,#FF0000,Quadrant 1,1,1,30,,#FF0000,0,85.05678562082075
image_26.png,5,False,298.3613817167252,258.7824059760834,20,#FF0000,Quadrant 4,2,2,30,,#FF0000,0,216.8636346983397
image_26.png,5,False,303.13657773557776,197.7762354565729,20,#FF0000,Quadrant 2,1,2,30,,#FF0000,0,63.77260642100249
image_26.png,5,False,224.37789412625813,251.1427646049043,20,#FF0000,Quadrant 4,2,2,30,,#FF0000,0,332.69553301883735
image_26.png,5,False,337.6853186862753,248.08817980811375,20,#FF0000,Quadrant 4,2,2,30,,#FF0000,0,224.82784059908212
image_26.png,5,False,36.812205711395805,178.15464813011567,20,#FF0000,Quadrant 1,1,1,30,,#FF0000,0,54.34466450150768
image_26.png,5,False,114.82664630976817,32.2330614405435,20,#FF0000,Quadrant 1,1,1,30,,#FF0000,0,109.01535665004465
image_26.png,5,False,128.33416752918555,181.82344047885786,20,#FF0000,Quadrant 1,1,1,30,,#FF0000,0,182.64127870432014
image_26.png,5,False,325.3813267686599,40.00431844356599,20,#FF0000,Quadrant 2,1,2,30,,#FF0000,0,20.480418300222855
image_26.png,5,False,185.90500707450892,220.5315883658789,20,#FF0000,Quadrant 3,2,1,30,,#FF0000,0,182.54441424022383
image_26.png,5,False,349.6414173804714,180.99933998004258,20,#FF0000,Quadrant 2,1,2,30,,#FF0000,0,285.0544070155291
image_26.png,5,False,257.3945578571745,132.53711636880192,20,#FF0000,Quadrant 2,1,2,30,,#FF0000,0,291.5337303712696
image_26.png,5,False,68.02548699095136,34.38825863821607,20,#FF0000,Quadrant 1,1,1,30,,#FF0000,0,171.22645005950503
image_26.png,5,False,201.71952256736188,76.22726852294595,20,#FF0000,Quadrant 2,1,2,30,,#FF0000,0,257.1535977002866
image_26.png,5,False,176.47262768889007,177.101437286272,20,#FF0000,Quadrant 1,1,1,30,,#FF0000,0,89.18774049538231
image_26.png,5,False,71.00606661702264,151.93804923430164,20,#FF0000,Quadrant 1,1,1,30,,#FF0000,0,188.1892926955964
image_26.png,5,False,165.51483215948707,138.90278150605658,20,#FF0000,Quadrant 1,1,1,30,,#FF0000,0,101.84168830119044
image_26.png,5,False,46.72324816070566,267.42739234955064,20,#FF0000,Quadrant 3,2,1,30,,#FF0000,0,23.728267540698287
image_26.png,5,False,275.025425942891,159.1601180787662,20,#FF0000,Quadrant 2,1,2,30,,#FF0000,0,348.3707427693881
image_26.png,5,False,324.3464917541076,290.2568260649445,20,#FF0000,Quadrant 4,2,2,30,,#FF0000,0,241.2419039981001
image_26.png,5,False,91.96482593696433,369.2186051279831,20,#FF0000,Quadrant 3,2,1,30,,#FF0000,0,64.89465223566407
image_26.png,5,False,96.63327158980938,62.99970350093597,20,#FF0000,Quadrant 1,1,1,30,,#FF0000,0,175.05753151418182
image_26.png,5,False,326.67529446786216,345.0318585561883,20,#FF0000,Quadrant 4,2,2,30,,#FF0000,0,277.5148993307164
image_26.png,5,False,138.29693260249843,300.6642744810573,20,#FF0000,Quadrant 3,2,1,30,,#FF0000,0,13.589097248722052
image_26.png,5,False,153.40011117091433,72.32944616943429,20,#FF0000,Quadrant 1,1,1,30,,#FF0000,0,47.177654914622885
image_26.png,5,False,100.78641614693767,178.9071123063942,20,#FF0000,Quadrant 1,1,1,30,,#FF0000,0,243.49065198787184
image_26.png,5,False,326.6728624503174,150.04388220906242,20,#FF0000,Quadrant 2,1,2,30,,#FF0000,0,168.84561781161096
image_26.png,5,False,383.1182419549362,185.5150318506939,20,#FF0000,Quadrant 2,1,2,30,,#FF0000,0,340.9668612878843
image_26.png,5,False,155.34778012408856,210.37980003844044,20,#FF0000,Quadrant 3,2,1,30,,#FF0000,0,101.43782377335916
image_27.png,2,True,105.50121398064468,253.36567568528102,20,#FF0000,Quadrant 3,2,1,50,50,#FF0000,0,49.82347245723523
image_27.png,5,False,220.616401770435,49.778918600898734,20,#0000FF,Quadrant 2,1,2,50,,#0000FF,0,314.6821002188053
image_27.png,5,False,332.7407661760464,118.75381931442615,20,#0000FF,Quadrant 2,1,2,50,,#0000FF,0,304.5212196240378
image_27.png,5,False,114.1151112455328,353.20574699377516,20,#0000FF,Quadrant 3,2,1,50,,#0000FF,0,274.72205890500874
image_27.png,5,False,176.36462775370276,368.74421341844555,20,#0000FF,Quadrant 3,2,1,50,,#0000FF,0,53.04551615697755
image_27.png,5,False,181.52638030342797,143.14315953640929,20,#0000FF,Quadrant 1,1,1,50,,#0000FF,0,79.93368248651302
image_27.png,5,False,31.131103350666148,200.75868935404299,20,#0000FF,Quadrant 3,2,1,50,,#0000FF,0,9.601268689057871
image_27.png,5,False,386.9305827680741,152.71699055191615,20,#0000FF,Quadrant 2,1,2,50,,#0000FF,0,84.88010659083575
image_27.png,5,False,362.85219199548226,328.20863671718695,20,#0000FF,Quadrant 4,2,2,50,,#0000FF,0,10.147516390134022
image_27.png,5,False,310.1418809682625,63.01264416037949,20,#0000FF,Quadrant 2,1,2,50,,#0000FF,0,233.9858463459054
image_27.png,5,False,324.6498784317669,274.1152116817218,20,#0000FF,Quadrant 4,2,2,50,,#0000FF,0,103.27658303277654
image_27.png,5,False,277.6926742592724,180.5713571652892,20,#0000FF,Quadrant 2,1,2,50,,#0000FF,0,49.96536905454703
image_27.png,5,False,40.947341540332644,107.7392449492029,20,#0000FF,Quadrant 1,1,1,50,,#0000FF,0,1.8904313900224556
image_27.png,5,False,218.4480047777698,285.8947488528242,20,#0000FF,Quadrant 4,2,2,50,,#0000FF,0,300.58671574165714
image_27.png,5,False,29.049290821925783,169.69405553880148,20,#0000FF,Quadrant 1,1,1,50,,#0000FF,0,108.41443005103919
image_27.png,5,False,183.7889470885776,52.90428441962567,20,#0000FF,Quadrant 1,1,1,50,,#0000FF,0,285.8036791101977
image_27.png,5,False,236.56735818556194,17.21256313382809,20,#0000FF,Quadrant 2,1,2,50,,#0000FF,0,325.85287883831944
image_27.png,5,False,102.45261481113548,65.2720456130863,20,#0000FF,Quadrant 1,1,1,50,,#0000FF,0,185.5352628753862
image_27.png,5,False,243.39802228930935,101.93328226887346,20,#0000FF,Quadrant 2,1,2,50,,#0000FF,0,154.52600151720014
image_27.png,5,False,262.13235205847946,43.36207498518495,20,#0000FF,Quadrant 2,1,2,50,,#0000FF,0,149.96433427507432
image_27.png,5,False,384.5893015554647,220.4694380140779,20,#0000FF,Quadrant 4,2,2,50,,#0000FF,0,182.63797076872316
image_27.png,5,False,188.7110595439077,251.28355917514216,20,#0000FF,Quadrant 3,2,1,50,,#0000FF,0,140.56334372162308
image_27.png,5,False,106.87979868416241,17.1395633591822,20,#0000FF,Quadrant 1,1,1,50,,#0000FF,0,353.1741921185617
image_27.png,5,False,141.33534241576191,288.05170610834256,20,#0000FF,Quadrant 3,2,1,50,,#0000FF,0,283.8672058606255
image_27.png,5,False,302.6275194135267,288.9006802590537,20,#0000FF,Quadrant 4,2,2,50,,#0000FF,0,226.1725064912363
image_27.png,5,False,77.18369002554579,305.5159003347904,20,#0000FF,Quadrant 3,2,1,50,,#0000FF,0,292.8631916001917
image_27.png,5,False,273.85713725451217,249.7961504526517,20,#0000FF,Quadrant 4,2,2,50,,#0000FF,0,167.2642439089336
image_27.png,5,False,34.85200299818091,304.3999710878934,20,#0000FF,Quadrant 3,2,1,50,,#0000FF,0,292.1391654651383
image_27.png,5,False,26.840446049684395,363.81423042125016,20,#0000FF,Quadrant 3,2,1,50,,#0000FF,0,71.80914013746781
image_27.png,5,False,306.15811231784465,338.27174873550575,20,#0000FF,Quadrant 4,2,2,50,,#0000FF,0,128.51070337273083
image_27.png,5,False,58.05155311637692,150.1112478909464,20,#0000FF,Quadrant 1,1,1,50,,#0000FF,0,119.49288709728404
image_27.png,5,False,360.38935638499225,207.28627263620808,20,#0000FF,Quadrant 4,2,2,50,,#0000FF,0,179.10842129770583
image_27.png,5,False,285.8367406015163,40.834408288966856,20,#0000FF,Quadrant 2,1,2,50,,#0000FF,0,288.4133114646386
image_27.png,5,False,321.84500366607716,217.18932219627277,20,#0000FF,Quadrant 4,2,2,50,,#0000FF,0,216.8831875788818
image_27.png,5,False,41.2660483863482,260.82746571117565,20,#0000FF,Quadrant 3,2,1,50,,#0000FF,0,115.63611415725386
image_27.png,5,False,238.79097528216673,172.07187554979117,20,#0000FF,Quadrant 2,1,2,50,,#0000FF,0,110.33850819267089
image_27.png,5,False,143.884759865813,27.01025155734896,20,#0000FF,Quadrant 1,1,1,50,,#0000FF,0,248.31533104037504
image_27.png,5,False,144.2674192966063,388.30092595821253,20,#0000FF,Quadrant 3,2,1,50,,#0000FF,0,313.21338302030114
image_27.png,5,False,381.4503115354375,369.3078551119666,20,#0000FF,Quadrant 4,2,2,50,,#0000FF,0,98.83992962694873
image_27.png,5,False,251.97973931988676,148.3316073860713,20,#0000FF,Quadrant 2,1,2,50,,#0000FF,0,27.014819395737337
image_27.png,5,False,267.8172097539528,371.15439179369173,20,#0000FF,Quadrant 4,2,2,50,,#0000FF,0,288.3945512023812
image_27.png,5,False,240.66255745528332,306.33592456303035,20,#0000FF,Quadrant 4,2,2,50,,#0000FF,0,51.40060861051791
image_27.png,5,False,155.71896383835798,225.41847457171716,20,#0000FF,Quadrant 3,2,1,50,,#0000FF,0,131.8782503185735
image_27.png,5,False,299.4459303398631,227.94243221021256,20,#0000FF,Quadrant 4,2,2,50,,#0000FF,0,133.92481624944614
image_27.png,5,False,161.45686937002608,256.5339584748799,20,#0000FF,Quadrant 3,2,1,50,,#0000FF,0,190.60555735306428
image_27.png,5,False,109.38953349088348,179.6912364893229,20,#0000FF,Quadrant 1,1,1,50,,#0000FF,0,94.23960357149849
image_27.png,5,False,57.35694547970099,333.36833776527396,20,#0000FF,Quadrant 3,2,1,50,,#0000FF,0,176.83207029152067
image_27.png,5,False,350.70067363719505,179.252030856648,20,#0000FF,Quadrant 2,1,2,50,,#0000FF,0,162.73536668834305
image_27.png,5,False,268.76926037474084,330.6070207724364,20,#0000FF,Quadrant 4,2,2,50,,#0000FF,0,31.60466679770318
image_27.png,5,False,361.5286446413612,252.05060852919814,20,#0000FF,Quadrant 4,2,2,50,,#0000FF,0,256.2512774425966
image_27.png,5,False,219.5225410241896,242.3164810705569,20,#0000FF,Quadrant 4,2,2,50,,#0000FF,0,289.3182214638911
image_28.png,2,True,282.000900236761,191.93541154796597,20,#FF0000,Quadrant 2,1,2,5,50,#FF0000,0,143.33759307752706
image_28.png,5,False,165.76587338166155,228.3123922040892,20,#0000FF,Quadrant 3,2,1,5,,#0000FF,0,147.8862434394601
image_28.png,5,False,130.83645943406214,39.03437747128575,20,#0000FF,Quadrant 1,1,1,5,,#0000FF,0,45.11764161330985
image_28.png,5,False,206.56208446790714,59.51048286161523,20,#0000FF,Quadrant 2,1,2,5,,#0000FF,0,167.6999518635812
image_28.png,5,False,219.3927016842522,233.1831043718909,20,#0000FF,Quadrant 4,2,2,5,,#0000FF,0,298.45934212874363
image_28.png,5,False,59.774458047223895,201.08251127786363,20,#0000FF,Quadrant 3,2,1,5,,#0000FF,0,276.4013894487564
image_29.png,2,True,73.24037619846692,132.96576393642204,20,#FF0000,Quadrant 1,1,1,30,50,#FF0000,0,55.085568051672226
image_29.png,5,False,141.79672512522802,366.66173276412013,20,#0000FF,Quadrant 3,2,1,30,,#0000FF,0,255.35956771052852
image_29.png,5,False,330.7629409269172,105.72880679519565,20,#0000FF,Quadrant 2,1,2,30,,#0000FF,0,322.1733300556048
image_29.png,5,False,219.2180550526268,58.31437155796922,20,#0000FF,Quadrant 2,1,2,30,,#0000FF,0,228.62055289958852
image_29.png,5,False,212.65469525244785,200.9726487121973,20,#0000FF,Quadrant 4,2,2,30,,#0000FF,0,109.01685819919538
image_29.png,5,False,366.9274414143292,69.28543288047487,20,#0000FF,Quadrant 2,1,2,30,,#0000FF,0,60.708924629174454
image_29.png,5,False,283.3991864692892,239.74250717178134,20,#0000FF,Quadrant 4,2,2,30,,#0000FF,0,237.14383441815156
image_29.png,5,False,224.0476170150298,322.9393090494669,20,#0000FF,Quadrant 4,2,2,30,,#0000FF,0,303.31080148082003
image_29.png,5,False,28.184561644127267,253.46951138560812,20,#0000FF,Quadrant 3,2,1,30,,#0000FF,0,10.21445564359594
image_29.png,5,False,257.12713148955675,300.9105023463656,20,#0000FF,Quadrant 4,2,2,30,,#0000FF,0,207.63764333185648
image_29.png,5,False,252.53867065495302,199.25838673145188,20,#0000FF,Quadrant 2,1,2,30,,#0000FF,0,149.97124211876863
image_29.png,5,False,315.1721222935471,269.9265379719658,20,#0000FF,Quadrant 4,2,2,30,,#0000FF,0,173.860134543151
image_29.png,5,False,38.58380364102071,33.64712644930488,20,#0000FF,Quadrant 1,1,1,30,,#0000FF,0,107.07619371470723
image_29.png,5,False,194.04692718058178,88.12069912696471,20,#0000FF,Quadrant 1,1,1,30,,#0000FF,0,158.25797997134796
image_29.png,5,False,129.1561847153407,282.54117057250136,20,#0000FF,Quadrant 3,2,1,30,,#0000FF,0,218.3976946154291
image_29.png,5,False,336.37384425513494,379.6914203518247,20,#0000FF,Quadrant 4,2,2,30,,#0000FF,0,264.31191172963685
image_29.png,5,False,151.0641948630101,223.30415955288356,20,#0000FF,Quadrant 3,2,1,30,,#0000FF,0,47.07581455885913
image_29.png,5,False,187.32663034136058,112.10429294368095,20,#0000FF,Quadrant 1,1,1,30,,#0000FF,0,114.88171910513661
image_29.png,5,False,47.59480466789601,120.70013787862277,20,#0000FF,Quadrant 1,1,1,30,,#0000FF,0,89.25079770919642
image_29.png,5,False,243.61267389398014,104.84616598408853,20,#0000FF,Quadrant 2,1,2,30,,#0000FF,0,138.29394006057817
image_29.png,5,False,19.76064072578069,368.2979999381717,20,#0000FF,Quadrant 3,2,1,30,,#0000FF,0,111.07457353959455
image_29.png,5,False,376.4075463488357,92.32459171491914,20,#0000FF,Quadrant 2,1,2,30,,#0000FF,0,181.96000668855777
image_29.png,5,False,30.104272949343134,198.07000893251666,20,#0000FF,Quadrant 1,1,1,30,,#0000FF,0,127.04223198828792
image_29.png,5,False,331.23115411873084,173.8906968133703,20,#0000FF,Quadrant 2,1,2,30,,#0000FF,0,193.20866974401372
image_29.png,5,False,285.99804794985016,299.7378568532321,20,#0000FF,Quadrant 4,2,2,30,,#0000FF,0,317.6840631306934
image_29.png,5,False,299.94475535933657,116.7344161418652,20,#0000FF,Quadrant 2,1,2,30,,#0000FF,0,181.53199048435368
image_29.png,5,False,268.19068596492934,55.910565455516846,20,#0000FF,Quadrant 2,1,2,30,,#0000FF,0,356.0726522234601
image_29.png,5,False,159.8956034114135,311.4711523279975,20,#0000FF,Quadrant 3,2,1,30,,#0000FF,0,351.02981354896224
image_29.png,5,False,365.9225583091319,296.3768351266761,20,#0000FF,Quadrant 4,2,2,30,,#0000FF,0,122.07070798292351
image_29.png,5,False,183.74167540892637,240.16647746863796,20,#0000FF,Quadrant 3,2,1,30,,#0000FF,0,170.5478941422684
image_29.png,5,False,271.08050015464767,21.072624576328945,20,#0000FF,Quadrant 2,1,2,30,,#0000FF,0,261.1167165186679
image_30.png,2,True,283.68924244800394,231.5717987240079,20,#00FF00,Quadrant 4,2,2,50,50,#00FF00,0,207.94838251110582
image_30.png,5,False,248.77154115294746,245.2601344794118,20,#0000FF,Quadrant 4,2,2,50,,#0000FF,0,61.384342228797365
image_30.png,5,False,66.85921773752543,268.3147663291566,20,#0000FF,Quadrant 3,2,1,50,,#0000FF,0,302.8201649849751
image_30.png,5,False,369.4215545564659,52.54050706413741,20,#0000FF,Quadrant 2,1,2,50,,#0000FF,0,11.365384803155774
image_30.png,5,False,129.57575874253325,68.24101556911258,20,#0000FF,Quadrant 1,1,1,50,,#0000FF,0,6.8174523023805245
image_30.png,5,False,166.1226607239825,303.9395300830804,20,#0000FF,Quadrant 3,2,1,50,,#0000FF,0,248.58009393066916
image_30.png,5,False,340.9250939688571,289.1464885395616,20,#0000FF,Quadrant 4,2,2,50,,#0000FF,0,331.38754196299584
image_30.png,5,False,63.195179626809455,89.3751644791305,20,#0000FF,Quadrant 1,1,1,50,,#0000FF,0,22.421262965195503
image_30.png,5,False,261.321730292024,209.63036322921337,20,#0000FF,Quadrant 4,2,2,50,,#0000FF,0,117.01783239337972
image_30.png,5,False,76.46295621806989,355.7829328292759,20,#0000FF,Quadrant 3,2,1,50,,#0000FF,0,112.95093554561417
image_30.png,5,False,254.17083979979645,273.0724311912723,20,#0000FF,Quadrant 4,2,2,50,,#0000FF,0,259.53284207782536
image_30.png,5,False,95.99974036128472,378.7602172292351,20,#0000FF,Quadrant 3,2,1,50,,#0000FF,0,200.9111942906655
image_30.png,5,False,130.84140161697337,142.8475998480939,20,#0000FF,Quadrant 1,1,1,50,,#0000FF,0,253.79577350647082
image_30.png,5,False,311.6632245688821,114.36694889354992,20,#0000FF,Quadrant 2,1,2,50,,#0000FF,0,336.1321349174882
image_30.png,5,False,266.7632089058023,154.5244020715166,20,#0000FF,Quadrant 2,1,2,50,,#0000FF,0,43.874678063777424
image_30.png,5,False,320.34667992935255,371.84215036197236,20,#0000FF,Quadrant 4,2,2,50,,#0000FF,0,352.8577934356904
image_30.png,5,False,120.79110245332964,119.72426913014489,20,#0000FF,Quadrant 1,1,1,50,,#0000FF,0,289.6617002243653
image_30.png,5,False,141.92540832814305,178.21817028490779,20,#0000FF,Quadrant 1,1,1,50,,#0000FF,0,257.0908634994223
image_30.png,5,False,192.09196142023063,87.38170672182547,20,#0000FF,Quadrant 1,1,1,50,,#0000FF,0,92.31983117045355
image_30.png,5,False,363.68304697009034,274.15275164449895,20,#0000FF,Quadrant 4,2,2,50,,#0000FF,0,193.88805253511498
image_30.png,5,False,30.841638385316934,167.22791636624177,20,#0000FF,Quadrant 1,1,1,50,,#0000FF,0,229.66004642710956
image_30.png,5,False,49.00597400583751,302.34956996114954,20,#0000FF,Quadrant 3,2,1,50,,#0000FF,0,258.24890025008773
image_30.png,5,False,219.0332698646951,362.19967910425163,20,#0000FF,Quadrant 4,2,2,50,,#0000FF,0,1.865320706566811
image_30.png,5,False,364.4421332693453,343.03505693237827,20,#0000FF,Quadrant 4,2,2,50,,#0000FF,0,146.48668255687804
image_30.png,5,False,255.149412962522,354.2001704020653,20,#0000FF,Quadrant 4,2,2,50,,#0000FF,0,115.6203727629
image_30.png,5,False,228.0224075002911,213.28756066578256,20,#0000FF,Quadrant 4,2,2,50,,#0000FF,0,32.205859384145874
image_30.png,5,False,344.48859985630696,77.44813144969005,20,#0000FF,Quadrant 2,1,2,50,,#0000FF,0,63.02331917314672
image_30.png,5,False,387.9309415674568,161.06394907719726,20,#0000FF,Quadrant 2,1,2,50,,#0000FF,0,331.06853226633626
image_30.png,5,False,365.03810552599435,374.68566167150345,20,#0000FF,Quadrant 4,2,2,50,,#0000FF,0,178.3382030358328
image_30.png,5,False,342.408917472975,14.502989685477718,20,#0000FF,Quadrant 2,1,2,50,,#0000FF,0,333.3742912427195
image_30.png,5,False,51.55966111239736,382.5716898042404,20,#0000FF,Quadrant 3,2,1,50,,#0000FF,0,204.46627271921835
image_30.png,5,False,384.87959969353744,216.36758278453652,20,#0000FF,Quadrant 4,2,2,50,,#0000FF,0,102.44219484601666
image_30.png,5,False,83.8827085475001,53.580475665618394,20,#0000FF,Quadrant 1,1,1,50,,#0000FF,0,168.48747684226444
image_30.png,5,False,289.4415644960731,309.91017715274666,20,#0000FF,Quadrant 4,2,2,50,,#0000FF,0,67.03166488610438
image_30.png,5,False,297.2528795973581,77.33707743093966,20,#0000FF,Quadrant 2,1,2,50,,#0000FF,0,204.40124007153815
image_30.png,5,False,43.78687700267853,263.9787125889627,20,#0000FF,Quadrant 3,2,1,50,,#0000FF,0,185.50103722552652
image_30.png,5,False,64.15128898976482,133.3214312921613,20,#0000FF,Quadrant 1,1,1,50,,#0000FF,0,66.5212323770424
image_30.png,5,False,371.62516296355693,125.13552740343036,20,#0000FF,Quadrant 2,1,2,50,,#0000FF,0,271.3523946413245
image_30.png,5,False,15.3227075253955,258.0923127525351,20,#0000FF,Quadrant 3,2,1,50,,#0000FF,0,260.2377102243591
image_30.png,5,False,34.48299742060265,55.688992469901635,20,#0000FF,Quadrant 1,1,1,50,,#0000FF,0,249.39669255218598
image_30.png,5,False,164.24747970205416,200.95273812811126,20,#0000FF,Quadrant 3,2,1,50,,#0000FF,0,110.45028312130312
image_30.png,5,False,276.94455926865277,128.5496644894016,20,#0000FF,Quadrant 2,1,2,50,,#0000FF,0,322.2426131338515
image_30.png,5,False,218.6106443333419,188.97301306037974,20,#0000FF,Quadrant 2,1,2,50,,#0000FF,0,149.70442155524088
image_30.png,5,False,262.02769807039294,93.55959336446921,20,#0000FF,Quadrant 2,1,2,50,,#0000FF,0,193.5063675695523
image_30.png,5,False,296.2915497959991,341.04505210836317,20,#0000FF,Quadrant 4,2,2,50,,#0000FF,0,89.08755455108799
image_30.png,5,False,179.8707354936707,277.0235953089198,20,#0000FF,Quadrant 3,2,1,50,,#0000FF,0,29.47331033037895
image_30.png,5,False,224.25577701937348,34.34454197642647,20,#0000FF,Quadrant 2,1,2,50,,#0000FF,0,28.116979973078465
image_30.png,5,False,202.0741072030012,227.48123285813284,20,#0000FF,Quadrant 4,2,2,50,,#0000FF,0,197.15372953593533
image_30.png,5,False,135.02846706655404,207.6891025678495,20,#0000FF,Quadrant 3,2,1,50,,#0000FF,0,53.94685729766915
image_30.png,5,False,88.64176153387866,231.42982245070465,20,#0000FF,Quadrant 3,2,1,50,,#0000FF,0,41.84640798647912
image_30.png,5,False,203.92188382441145,316.6856074409956,20,#0000FF,Quadrant 4,2,2,50,,#0000FF,0,32.738992002607624
image_31.png,2,True,224.15842796731366,222.22534122153368,20,#00FF00,Quadrant 4,2,2,30,50,#00FF00,0,149.55284658407754
image_31.png,5,False,127.48809520453116,19.229233083640125,20,#FF0000,Quadrant 1,1,1,30,,#FF0000,0,242.196376401853
image_31.png,5,False,12.139848261431538,93.36669467837854,20,#FF0000,Quadrant 1,1,1,30,,#FF0000,0,91.60459886434047
image_31.png,5,False,171.15761144632032,275.74548392073245,20,#FF0000,Quadrant 3,2,1,30,,#FF0000,0,26.29062932956463
image_31.png,5,False,33.77662863785247,349.0145723379346,20,#FF0000,Quadrant 3,2,1,30,,#FF0000,0,194.818861468766
image_31.png,5,False,189.44291391965584,119.520287204919,20,#FF0000,Quadrant 1,1,1,30,,#FF0000,0,355.0094093096197
image_31.png,5,False,62.19211153300747,253.4964500651507,20,#FF0000,Quadrant 3,2,1,30,,#FF0000,0,64.79327765725508
image_31.png,5,False,375.3098103023828,152.54622800126518,20,#FF0000,Quadrant 2,1,2,30,,#FF0000,0,262.54421973613717
image_31.png,5,False,180.54703614649523,357.66949898569317,20,#FF0000,Quadrant 3,2,1,30,,#FF0000,0,320.88009787866963
image_31.png,5,False,41.33449721390062,375.4465742718993,20,#FF0000,Quadrant 3,2,1,30,,#FF0000,0,135.89868586683565
image_31.png,5,False,61.27014679488453,336.1883276660518,20,#FF0000,Quadrant 3,2,1,30,,#FF0000,0,314.839339808733
image_31.png,5,False,380.957814515955,326.5625692107744,20,#FF0000,Quadrant 4,2,2,30,,#FF0000,0,45.844951436139084
image_31.png,5,False,380.86947805271456,186.01547465162682,20,#FF0000,Quadrant 2,1,2,30,,#FF0000,0,272.2245893492156
image_31.png,5,False,171.3203952392258,154.36650491677406,20,#FF0000,Quadrant 1,1,1,30,,#FF0000,0,258.87383100390673
image_31.png,5,False,185.1163552913694,69.63587907102404,20,#FF0000,Quadrant 1,1,1,30,,#FF0000,0,82.67906404364355
image_31.png,5,False,341.82869000776896,300.355193262214,20,#FF0000,Quadrant 4,2,2,30,,#FF0000,0,67.85296244522726
image_31.png,5,False,260.55472523326387,243.44097232496893,20,#FF0000,Quadrant 4,2,2,30,,#FF0000,0,11.59823336759317
image_31.png,5,False,347.057627260045,101.97185918613411,20,#FF0000,Quadrant 2,1,2,30,,#FF0000,0,337.04565493876026
image_31.png,5,False,235.51088774719707,179.7547230419717,20,#FF0000,Quadrant 2,1,2,30,,#FF0000,0,24.224725040218328
image_31.png,5,False,176.92794274226011,215.02920776700793,20,#FF0000,Quadrant 3,2,1,30,,#FF0000,0,15.925222820159215
image_31.png,5,False,304.3520489136565,63.97124739343394,20,#FF0000,Quadrant 2,1,2,30,,#FF0000,0,271.5788551490224
image_31.png,5,False,99.5130534795463,357.3980785199523,20,#FF0000,Quadrant 3,2,1,30,,#FF0000,0,357.6540388474974
image_31.png,5,False,229.28547993311938,303.0194443182428,20,#FF0000,Quadrant 4,2,2,30,,#FF0000,0,207.39972080890334
image_31.png,5,False,208.03289851214106,167.32575803689178,20,#FF0000,Quadrant 2,1,2,30,,#FF0000,0,354.85040186104527
image_31.png,5,False,28.722188648027988,141.1888056540464,20,#FF0000,Quadrant 1,1,1,30,,#FF0000,0,200.10623975413654
image_31.png,5,False,165.32196884158444,124.35785089658162,20,#FF0000,Quadrant 1,1,1,30,,#FF0000,0,250.67102663127233
image_31.png,5,False,214.33688393972898,102.085975446186,20,#FF0000,Quadrant 2,1,2,30,,#FF0000,0,66.19643234900977
image_31.png,5,False,335.1505881806018,65.56496118443746,20,#FF0000,Quadrant 2,1,2,30,,#FF0000,0,81.12403741676441
image_31.png,5,False,32.78184722797489,166.99209083484988,20,#FF0000,Quadrant 1,1,1,30,,#FF0000,0,166.68905741949993
image_31.png,5,False,151.2672925513341,213.4702327392475,20,#FF0000,Quadrant 3,2,1,30,,#FF0000,0,161.92325729852928
image_31.png,5,False,25.948975490246195,38.512476124806106,20,#FF0000,Quadrant 1,1,1,30,,#FF0000,0,217.78900069782088
image_32.png,2,True,353.85840880766887,125.60507368857759,20,#0000FF,Quadrant 2,1,2,20,50,#0000FF,0,75.2000718788101
image_32.png,5,False,91.06333783452503,82.82895770419621,20,#FF0000,Quadrant 1,1,1,20,,#FF0000,0,327.23789785444836
image_32.png,5,False,293.3203479784594,296.1370208340294,20,#FF0000,Quadrant 4,2,2,20,,#FF0000,0,266.93107308621575
image_32.png,5,False,101.46710248802582,132.57047333675803,20,#FF0000,Quadrant 1,1,1,20,,#FF0000,0,142.78754151944463
image_32.png,5,False,187.24267419963883,256.2166665181526,20,#FF0000,Quadrant 3,2,1,20,,#FF0000,0,101.90131110726466
image_32.png,5,False,146.9456655967582,344.70291799285127,20,#FF0000,Quadrant 3,2,1,20,,#FF0000,0,111.03202234329419
image_32.png,5,False,132.04818165016866,87.782191694725,20,#FF0000,Quadrant 1,1,1,20,,#FF0000,0,274.18642895149605
image_32.png,5,False,28.280439336853807,337.6240700754643,20,#FF0000,Quadrant 3,2,1,20,,#FF0000,0,112.65192679326876
image_32.png,5,False,17.131122578476457,220.15177101894182,20,#FF0000,Quadrant 3,2,1,20,,#FF0000,0,266.850856337936
image_32.png,5,False,283.1645124692061,122.58268467792503,20,#FF0000,Quadrant 2,1,2,20,,#FF0000,0,210.25148368247932
image_32.png,5,False,97.94704062923364,226.38043580212522,20,#FF0000,Quadrant 3,2,1,20,,#FF0000,0,70.62904178166016
image_32.png,5,False,219.14287729145443,367.6295980280043,20,#FF0000,Quadrant 4,2,2,20,,#FF0000,0,88.46280589512386
image_32.png,5,False,299.5503165018689,195.6987760017821,20,#FF0000,Quadrant 2,1,2,20,,#FF0000,0,121.52314225314282
image_32.png,5,False,144.1225916294935,63.90432380347334,20,#FF0000,Quadrant 1,1,1,20,,#FF0000,0,263.7980053290068
image_32.png,5,False,80.57005814155912,347.179792232273,20,#FF0000,Quadrant 3,2,1,20,,#FF0000,0,196.75667834128345
image_32.png,5,False,372.83554589897926,209.05098902274202,20,#FF0000,Quadrant 4,2,2,20,,#FF0000,0,356.5164747167483
image_32.png,5,False,13.413085638614422,62.97179852785094,20,#FF0000,Quadrant 1,1,1,20,,#FF0000,0,17.465181910708406
image_32.png,5,False,36.69188194952976,68.08920636367404,20,#FF0000,Quadrant 1,1,1,20,,#FF0000,0,227.05259325590745
image_32.png,5,False,183.37165109120204,33.85014494912114,20,#FF0000,Quadrant 1,1,1,20,,#FF0000,0,78.73908208358174
image_32.png,5,False,364.01560657504433,356.02004988976694,20,#FF0000,Quadrant 4,2,2,20,,#FF0000,0,229.58229303383604
image_32.png,5,False,17.322483793794106,283.9888487745225,20,#FF0000,Quadrant 3,2,1,20,,#FF0000,0,148.08186295826994
image_33.png,2,True,274.7907308100496,173.75667287954232,20,#0000FF,Quadrant 2,1,2,0,50,#0000FF,0,180.79777160835712
image_34.png,2,True,102.0862186145061,245.2771584317115,20,#FF0000,Quadrant 3,2,1,1,50,#FF0000,0,188.7787444412939
image_34.png,5,False,144.97873612529597,311.48593352755046,20,#0000FF,Quadrant 3,2,1,1,,#0000FF,0,90.87055067328495
image_35.png,2,True,102.9325840049094,274.55532748530834,20,#FF0000,Quadrant 3,2,1,15,50,#FF0000,0,165.23918839842665
image_35.png,5,False,324.00746575365787,41.47319523328616,20,#00FF00,Quadrant 2,1,2,15,,#00FF00,0,107.99087052237229
image_35.png,5,False,256.6601027781028,22.976742381924296,20,#00FF00,Quadrant 2,1,2,15,,#00FF00,0,357.0028939020551
image_35.png,5,False,153.57009688706054,190.92992784985483,20,#00FF00,Quadrant 1,1,1,15,,#00FF00,0,145.90018731754307
image_35.png,5,False,254.77493745456817,136.22029322306665,20,#00FF00,Quadrant 2,1,2,15,,#00FF00,0,304.31872603451814
image_35.png,5,False,379.11142385040796,349.2310781899405,20,#00FF00,Quadrant 4,2,2,15,,#00FF00,0,351.8385203843244
image_35.png,5,False,97.85173590418431,351.6811785112931,20,#00FF00,Quadrant 3,2,1,15,,#00FF00,0,330.8947975584763
image_35.png,5,False,225.24440756245784,113.47392992377594,20,#00FF00,Quadrant 2,1,2,15,,#00FF00,0,249.22357648253106
image_35.png,5,False,259.76529290107544,78.79600221718611,20,#00FF00,Quadrant 2,1,2,15,,#00FF00,0,195.49105139720103
image_35.png,5,False,16.918759982551286,89.30576762482261,20,#00FF00,Quadrant 1,1,1,15,,#00FF00,0,306.15393603752915
image_35.png,5,False,321.2211002812155,321.3011025827817,20,#00FF00,Quadrant 4,2,2,15,,#00FF00,0,51.90896206208769
image_35.png,5,False,124.12666426156603,224.17619945778313,20,#00FF00,Quadrant 3,2,1,15,,#00FF00,0,334.39497849119823
image_35.png,5,False,332.0892367594033,266.9192171013857,20,#00FF00,Quadrant 4,2,2,15,,#00FF00,0,204.01053116078822
image_35.png,5,False,156.0938689233385,290.6236746080318,20,#00FF00,Quadrant 3,2,1,15,,#00FF00,0,194.60247516201986
image_35.png,5,False,141.73489031417108,47.92522762134193,20,#00FF00,Quadrant 1,1,1,15,,#00FF00,0,268.3643620517581
image_35.png,5,False,39.73489720183653,239.75378492984274,20,#00FF00,Quadrant 3,2,1,15,,#00FF00,0,83.57184158208128
image_36.png,2,True,114.31761682168539,386.1974620544014,20,#0000FF,Quadrant 3,2,1,10,50,#0000FF,0,10.66523722025944
image_36.png,5,False,145.4966327328105,366.7519953989342,20,#00FF00,Quadrant 3,2,1,10,,#00FF00,0,176.61724419988556
image_36.png,5,False,267.92465635732407,260.7339810406229,20,#00FF00,Quadrant 4,2,2,10,,#00FF00,0,155.4652606462361
image_36.png,5,False,244.8368065182376,312.6648556974382,20,#00FF00,Quadrant 4,2,2,10,,#00FF00,0,30.849882349224863
image_36.png,5,False,42.01036765645016,69.29552434116596,20,#00FF00,Quadrant 1,1,1,10,,#00FF00,0,256.7190717642188
image_36.png,5,False,250.61453338203324,290.58969923315277,20,#00FF00,Quadrant 4,2,2,10,,#00FF00,0,256.203775720302
image_36.png,5,False,51.276246894856705,12.963794055871384,20,#00FF00,Quadrant 1,1,1,10,,#00FF00,0,114.00416232535302
image_36.png,5,False,147.04881399712693,112.97171554448809,20,#00FF00,Quadrant 1,1,1,10,,#00FF00,0,110.9762838490673
image_36.png,5,False,81.8340941735376,180.66290991410864,20,#00FF00,Quadrant 1,1,1,10,,#00FF00,0,47.70252161791178
image_36.png,5,False,165.24069818142598,20.92699971702634,20,#00FF00,Quadrant 1,1,1,10,,#00FF00,0,199.70640021919237
image_36.png,5,False,46.17829045383243,237.06055556623514,20,#00FF00,Quadrant 3,2,1,10,,#00FF00,0,127.40914344429319
image_37.png,2,True,157.5882334450328,43.01641739898151,20,#00FF00,Quadrant 1,1,1,0,50,#00FF00,0,105.06504646667555
image_38.png,2,True,270.04944489834236,75.07165970267012,20,#0000FF,Quadrant 2,1,2,50,50,#0000FF,0,187.59763107485958
image_38.png,5,False,112.45776932240163,66.16336220439509,20,#FF0000,Quadrant 1,1,1,50,,#FF0000,0,96.81082687085312
image_38.png,5,False,115.31358746570857,124.3063519823509,20,#FF0000,Quadrant 1,1,1,50,,#FF0000,0,60.194664273287756
image_38.png,5,False,147.5052168454416,367.91602774866703,20,#FF0000,Quadrant 3,2,1,50,,#FF0000,0,281.7599846995748
image_38.png,5,False,198.41332108124206,244.1008033895286,20,#FF0000,Quadrant 3,2,1,50,,#FF0000,0,259.5238028840134
image_38.png,5,False,62.21504070729556,13.558065642828232,20,#FF0000,Quadrant 1,1,1,50,,#FF0000,0,164.83018784605005
image_38.png,5,False,329.1298601808596,154.59840342358424,20,#FF0000,Quadrant 2,1,2,50,,#FF0000,0,142.4491122335061
image_38.png,5,False,177.40426431991375,173.7729315180311,20,#FF0000,Quadrant 1,1,1,50,,#FF0000,0,310.3913918035851
image_38.png,5,False,257.0919324625819,235.68052340637928,20,#FF0000,Quadrant 4,2,2,50,,#FF0000,0,296.47268645035507
image_38.png,5,False,239.0138594513493,273.8204877072711,20,#FF0000,Quadrant 4,2,2,50,,#FF0000,0,108.15670248448443
image_38.png,5,False,78.14688855863517,161.53456220163503,20,#FF0000,Quadrant 1,1,1,50,,#FF0000,0,172.44350726236388
image_38.png,5,False,288.78251013676845,250.2371306240615,20,#FF0000,Quadrant 4,2,2,50,,#FF0000,0,114.88955933542053
image_38.png,5,False,306.5863117101519,134.18499775341826,20,#FF0000,Quadrant 2,1,2,50,,#FF0000,0,348.39471077409786
image_38.png,5,False,86.52441841260952,387.96614192610826,20,#FF0000,Quadrant 3,2,1,50,,#FF0000,0,335.5441749318405
image_38.png,5,False,301.15956912888197,21.174289079276758,20,#FF0000,Quadrant 2,1,2,50,,#FF0000,0,64.7737965391319
image_38.png,5,False,367.4445180279221,90.24709382456517,20,#FF0000,Quadrant 2,1,2,50,,#FF0000,0,261.79681097108124
image_38.png,5,False,325.22452369251647,37.141977992422724,20,#FF0000,Quadrant 2,1,2,50,,#FF0000,0,287.1667875713053
image_38.png,5,False,311.52724615227817,265.3855526055143,20,#FF0000,Quadrant 4,2,2,50,,#FF0000,0,305.20365481403815
image_38.png,5,False,360.08139501443685,339.72154785294794,20,#FF0000,Quadrant 4,2,2,50,,#FF0000,0,192.37226443276217
image_38.png,5,False,24.89723201761025,377.0657993994813,20,#FF0000,Quadrant 3,2,1,50,,#FF0000,0,150.58824923420156
image_38.png,5,False,318.0482568066601,235.46393858814372,20,#FF0000,Quadrant 4,2,2,50,,#FF0000,0,252.5883433400135
image_38.png,5,False,52.34164274234047,104.83130622337326,20,#FF0000,Quadrant 1,1,1,50,,#FF0000,0,329.18444954301043
image_38.png,5,False,73.87595045988215,242.5922470744263,20,#FF0000,Quadrant 3,2,1,50,,#FF0000,0,239.28979939075688
image_38.png,5,False,136.34355338693365,311.9753423535242,20,#FF0000,Quadrant 3,2,1,50,,#FF0000,0,348.052008084698
image_38.png,5,False,152.4171966303044,186.03789283294498,20,#FF0000,Quadrant 1,1,1,50,,#FF0000,0,79.57142502427308
image_38.png,5,False,193.48746993779878,122.67337935595742,20,#FF0000,Quadrant 1,1,1,50,,#FF0000,0,359.17298114927524
image_38.png,5,False,43.453114180819746,325.23810749929834,20,#FF0000,Quadrant 3,2,1,50,,#FF0000,0,331.39711608158075
image_38.png,5,False,142.66823057751765,140.67920535889067,20,#FF0000,Quadrant 1,1,1,50,,#FF0000,0,262.8542602882017
image_38.png,5,False,283.91371055972957,182.02503905108406,20,#FF0000,Quadrant 2,1,2,50,,#FF0000,0,35.14429120525521
image_38.png,5,False,27.89019391127139,279.6744581274854,20,#FF0000,Quadrant 3,2,1,50,,#FF0000,0,24.1827624149253
image_38.png,5,False,140.68346417645088,52.339093714644505,20,#FF0000,Quadrant 1,1,1,50,,#FF0000,0,8.130641473120445
image_38.png,5,False,362.51068477268797,290.90502521544016,20,#FF0000,Quadrant 4,2,2,50,,#FF0000,0,288.0180452702006
image_38.png,5,False,219.62208955385756,136.11408979909794,20,#FF0000,Quadrant 2,1,2,50,,#FF0000,0,185.7578046828744
image_38.png,5,False,185.65647153289166,312.5516879790122,20,#FF0000,Quadrant 3,2,1,50,,#FF0000,0,153.49297810380563
image_38.png,5,False,289.73280368843984,344.81080753049724,20,#FF0000,Quadrant 4,2,2,50,,#FF0000,0,142.4096561261208
image_38.png,5,False,173.37097393706384,12.682116377279606,20,#FF0000,Quadrant 1,1,1,50,,#FF0000,0,161.84700409466873
image_38.png,5,False,116.21434593483087,277.0211829818775,20,#FF0000,Quadrant 3,2,1,50,,#FF0000,0,77.32659782530672
image_38.png,5,False,229.2375081663003,313.21189090317625,20,#FF0000,Quadrant 4,2,2,50,,#FF0000,0,286.56289832683615
image_38.png,5,False,149.2697651179306,85.4940760057722,20,#FF0000,Quadrant 1,1,1,50,,#FF0000,0,193.28004380543186
image_38.png,5,False,54.17972372111314,144.050301429672,20,#FF0000,Quadrant 1,1,1,50,,#FF0000,0,141.3158420571811
image_38.png,5,False,76.21539991790843,265.61658995496924,20,#FF0000,Quadrant 3,2,1,50,,#FF0000,0,164.82981102355245
image_38.png,5,False,358.2620151659484,234.08364196148696,20,#FF0000,Quadrant 4,2,2,50,,#FF0000,0,288.22081794649466
image_38.png,5,False,194.9613415317209,214.12936405925186,20,#FF0000,Quadrant 3,2,1,50,,#FF0000,0,152.29396154635643
image_38.png,5,False,245.13697198230813,338.1674032637239,20,#FF0000,Quadrant 4,2,2,50,,#FF0000,0,303.1146770891573
image_38.png,5,False,194.1821715504685,84.75856983774618,20,#FF0000,Quadrant 1,1,1,50,,#FF0000,0,342.66310217566814
image_38.png,5,False,196.87238264909612,279.4338169357113,20,#FF0000,Quadrant 3,2,1,50,,#FF0000,0,147.28836541243493
image_38.png,5,False,94.36015338011076,23.35874283235075,20,#FF0000,Quadrant 1,1,1,50,,#FF0000,0,286.51712025687385
image_38.png,5,False,227.48591239132068,112.26200775051653,20,#FF0000,Quadrant 2,1,2,50,,#FF0000,0,183.89015287724106
image_38.png,5,False,385.5577883621584,215.89239730646406,20,#FF0000,Quadrant 4,2,2,50,,#FF0000,0,195.51822555349622
image_38.png,5,False,171.70847158665515,289.20372770552876,20,#FF0000,Quadrant 3,2,1,50,,#FF0000,0,78.67509660362644
image_38.png,5,False,104.56695419947785,341.67812189266226,20,#FF0000,Quadrant 3,2,1,50,,#FF0000,0,235.321812856826
image_39.png,2,True,319.72340517401375,176.96842347889987,20,#FF0000,Quadrant 2,1,2,5,50,#FF0000,0,125.48771165603297
image_39.png,5,False,304.1887636549324,100.5656089286055,20,#00FF00,Quadrant 2,1,2,5,,#00FF00,0,357.82476635470215
image_39.png,5,False,233.2352330572344,143.5384579410881,20,#00FF00,Quadrant 2,1,2,5,,#00FF00,0,291.8529780621877
image_39.png,5,False,250.18729849045835,73.74105148691798,20,#00FF00,Quadrant 2,1,2,5,,#00FF00,0,255.87142541776782
image_39.png,5,False,89.10223003860033,89.22434844416755,20,#00FF00,Quadrant 1,1,1,5,,#00FF00,0,50.124587733639395
image_39.png,5,False,143.6082510441701,117.25013710269484,20,#00FF00,Quadrant 1,1,1,5,,#00FF00,0,21.368820110162797
image_40.png,2,True,121.61591581529352,227.494049169538,20,#0000FF,Quadrant 3,2,1,10,50,#0000FF,0,352.4400563050758
image_40.png,5,False,205.4488655963136,351.2586990801628,20,#FF0000,Quadrant 4,2,2,10,,#FF0000,0,342.863044357941
image_40.png,5,False,62.25260662978745,294.5355835928858,20,#FF0000,Quadrant 3,2,1,10,,#FF0000,0,293.4651261141975
image_40.png,5,False,33.4100651082381,115.82829645085323,20,#FF0000,Quadrant 1,1,1,10,,#FF0000,0,148.17464031842897
image_40.png,5,False,276.1392273558511,61.15714365525542,20,#FF0000,Quadrant 2,1,2,10,,#FF0000,0,236.12265978514952
image_40.png,5,False,132.75255698834448,104.57569172856967,20,#FF0000,Quadrant 1,1,1,10,,#FF0000,0,52.64763963298607
image_40.png,5,False,159.44088361423758,64.74087730248905,20,#FF0000,Quadrant 1,1,1,10,,#FF0000,0,303.6800363916489
image_40.png,5,False,248.3132462544522,152.8151399258738,20,#FF0000,Quadrant 2,1,2,10,,#FF0000,0,227.66471368624397
image_40.png,5,False,311.35828239237725,301.63824076346924,20,#FF0000,Quadrant 4,2,2,10,,#FF0000,0,27.185858399465626
image_40.png,5,False,294.4253007260658,273.59796674501183,20,#FF0000,Quadrant 4,2,2,10,,#FF0000,0,145.02627838865556
image_40.png,5,False,182.87495535013107,195.48081360545265,20,#FF0000,Quadrant 1,1,1,10,,#FF0000,0,315.8342484598281
image_41.png,2,True,184.2938190249333,262.0463642744365,20,#0000FF,Quadrant 3,2,1,1,50,#0000FF,0,263.13549749533905
image_41.png,5,False,34.93899933074603,213.01244753849952,20,#FF0000,Quadrant 3,2,1,1,,#FF0000,0,128.9601825627554
image_42.png,2,True,133.0430265450022,118.1981827294189,20,#FF0000,Quadrant 1,1,1,3,50,#FF0000,0,178.0973811199759
image_42.png,5,False,60.36462661625231,333.21573383702133,20,#00FF00,Quadrant 3,2,1,3,,#00FF00,0,197.03179276031338
image_42.png,5,False,348.99046073857414,299.1320204757057,20,#00FF00,Quadrant 4,2,2,3,,#00FF00,0,283.7893152516057
image_42.png,5,False,247.69585937492795,327.2734236100458,20,#00FF00,Quadrant 4,2,2,3,,#00FF00,0,16.539453237108162
image_43.png,2,True,11.255502111575392,373.13600879690154,20,#FF0000,Quadrant 3,2,1,2,50,#FF0000,0,158.86294159551358
image_43.png,5,False,271.2877313625509,60.86314703115711,20,#0000FF,Quadrant 2,1,2,2,,#0000FF,0,72.8345543030639
image_43.png,5,False,71.09348097839973,363.57026271039933,20,#0000FF,Quadrant 3,2,1,2,,#0000FF,0,233.99899176263497
image_44.png,2,True,151.55694417047746,352.6365016198787,20,#00FF00,Quadrant 3,2,1,10,50,#00FF00,0,90.1401402776792
image_44.png,5,False,160.81711230038417,126.4824945511192,20,#FF0000,Quadrant 1,1,1,10,,#FF0000,0,59.58902849736376
image_44.png,5,False,99.50637208111056,258.7734163289762,20,#FF0000,Quadrant 3,2,1,10,,#FF0000,0,251.79889374884647
image_44.png,5,False,11.410622795471554,191.2329357226255,20,#FF0000,Quadrant 1,1,1,10,,#FF0000,0,253.3312943150559
image_44.png,5,False,273.9357065548824,319.8672121732268,20,#FF0000,Quadrant 4,2,2,10,,#FF0000,0,3.343301139045658
image_44.png,5,False,170.63466696697265,60.962207112988,20,#FF0000,Quadrant 1,1,1,10,,#FF0000,0,355.7357674071379
image_44.png,5,False,155.80043190544208,287.22855830678105,20,#FF0000,Quadrant 3,2,1,10,,#FF0000,0,25.498189944184357
image_44.png,5,False,129.44685847266254,344.0138401025423,20,#FF0000,Quadrant 3,2,1,10,,#FF0000,0,36.8737813618224
image_44.png,5,False,303.3680628199359,295.6936487746237,20,#FF0000,Quadrant 4,2,2,10,,#FF0000,0,49.36654610767643
image_44.png,5,False,386.33137868313355,64.99845926358987,20,#FF0000,Quadrant 2,1,2,10,,#FF0000,0,47.93264322703638
image_44.png,5,False,14.203452458237617,256.707640573651,20,#FF0000,Quadrant 3,2,1,10,,#FF0000,0,190.98297955680516
image_45.png,2,True,68.2194214591382,166.62634006795832,20,#00FF00,Quadrant 1,1,1,3,50,#00FF00,0,226.1088138027249
image_45.png,5,False,336.0658342996127,43.76807665014366,20,#0000FF,Quadrant 2,1,2,3,,#0000FF,0,247.16382115526636
image_45.png,5,False,295.424454395126,233.85894091385197,20,#0000FF,Quadrant 4,2,2,3,,#0000FF,0,36.16744049194996
image_45.png,5,False,375.1080125891338,129.88238657286,20,#0000FF,Quadrant 2,1,2,3,,#0000FF,0,138.25148736352347
image_46.png,2,True,104.80713627624456,238.17764534654447,20,#FF0000,Quadrant 3,2,1,5,50,#FF0000,0,232.06340454764316
image_46.png,5,False,118.70006618239377,366.8035546466705,20,#0000FF,Quadrant 3,2,1,5,,#0000FF,0,259.62466998944814
image_46.png,5,False,331.1924678897651,342.0626770855743,20,#0000FF,Quadrant 4,2,2,5,,#0000FF,0,9.656786212631708
image_46.png,5,False,240.41835673600082,82.30838579449724,20,#0000FF,Quadrant 2,1,2,5,,#0000FF,0,73.9604585348791
image_46.png,5,False,255.25217481424755,307.2770046398859,20,#0000FF,Quadrant 4,2,2,5,,#0000FF,0,141.03036572333528
image_46.png,5,False,101.47092688879039,156.86474726063835,20,#0000FF,Quadrant 1,1,1,5,,#0000FF,0,285.7600914216171
image_47.png,2,True,346.9378716168511,15.561330683839273,20,#FF0000,Quadrant 2,1,2,50,50,#FF0000,0,25.564320610337965
image_47.png,5,False,130.6266619107837,157.22485805591708,20,#00FF00,Quadrant 1,1,1,50,,#00FF00,0,129.99535453478083
image_47.png,5,False,170.0864159474217,217.52265159899068,20,#00FF00,Quadrant 3,2,1,50,,#00FF00,0,302.03038904530507
image_47.png,5,False,189.04352862226386,384.2244481086637,20,#00FF00,Quadrant 3,2,1,50,,#00FF00,0,62.197312374273956
image_47.png,5,False,233.02340183799944,16.2139149241599,20,#00FF00,Quadrant 2,1,2,50,,#00FF00,0,26.27706263965503
image_47.png,5,False,359.73497121674734,369.60103884601307,20,#00FF00,Quadrant 4,2,2,50,,#00FF00,0,77.66745786620429
image_47.png,5,False,119.29238843619616,280.37379076627275,20,#00FF00,Quadrant 3,2,1,50,,#00FF00,0,143.2710085986541
image_47.png,5,False,171.1114388949008,163.06086122362098,20,#00FF00,Quadrant 1,1,1,50,,#00FF00,0,276.15960023966073
image_47.png,5,False,214.2337253754272,68.71320775808991,20,#00FF00,Quadrant 2,1,2,50,,#00FF00,0,230.59342379244666
image_47.png,5,False,40.87015042657534,359.10959661609417,20,#00FF00,Quadrant 3,2,1,50,,#00FF00,0,30.09494656001388
image_47.png,5,False,69.73255560364936,134.51161199582,20,#00FF00,Quadrant 1,1,1,50,,#00FF00,0,350.75281836764236
image_47.png,5,False,299.4987215656862,256.6393434661556,20,#00FF00,Quadrant 4,2,2,50,,#00FF00,0,211.11737868447548
image_47.png,5,False,101.2049327335391,103.41334690592015,20,#00FF00,Quadrant 1,1,1,50,,#00FF00,0,343.23407161778596
image_47.png,5,False,54.8429278237712,242.44818829103298,20,#00FF00,Quadrant 3,2,1,50,,#00FF00,0,332.86599156569014
image_47.png,5,False,262.77808080881937,259.74379229522344,20,#00FF00,Quadrant 4,2,2,50,,#00FF00,0,19.810303087118406
image_47.png,5,False,15.787359249490695,62.86605941628555,20,#00FF00,Quadrant 1,1,1,50,,#00FF00,0,63.23252531140655
image_47.png,5,False,198.64408849358648,142.05453826260583,20,#00FF00,Quadrant 1,1,1,50,,#00FF00,0,4.086217127589458
image_47.png,5,False,321.9075978878838,108.99535145694014,20,#00FF00,Quadrant 2,1,2,50,,#00FF00,0,186.20022328105085
image_47.png,5,False,294.415473187453,341.167901319213,20,#00FF00,Quadrant 4,2,2,50,,#00FF00,0,133.87299512099486
image_47.png,5,False,379.5691221801514,248.20741083571664,20,#00FF00,Quadrant 4,2,2,50,,#00FF00,0,94.66187429753217
image_47.png,5,False,204.07555042301738,31.95598389843536,20,#00FF00,Quadrant 2,1,2,50,,#00FF00,0,178.61312481665013
image_47.png,5,False,74.08116642375276,70.46317285622564,20,#00FF00,Quadrant 1,1,1,50,,#00FF00,0,309.36952176748963
image_47.png,5,False,349.0334628145311,265.81752313085065,20,#00FF00,Quadrant 4,2,2,50,,#00FF00,0,278.39842317287446
image_47.png,5,False,291.01482580852365,11.970895280289081,20,#00FF00,Quadrant 2,1,2,50,,#00FF00,0,41.52009727228873
image_47.png,5,False,15.644891608062744,28.381018298320555,20,#00FF00,Quadrant 1,1,1,50,,#00FF00,0,309.1280432839264
image_47.png,5,False,358.8456341082752,78.64723296447474,20,#00FF00,Quadrant 2,1,2,50,,#00FF00,0,131.03153867924667
image_47.png,5,False,24.367430962494648,314.5776538809554,20,#00FF00,Quadrant 3,2,1,50,,#00FF00,0,345.7231723419925
image_47.png,5,False,258.85584529132836,95.86678862304358,20,#00FF00,Quadrant 2,1,2,50,,#00FF00,0,257.0474885898806
image_47.png,5,False,357.19310112497834,131.935481999334,20,#00FF00,Quadrant 2,1,2,50,,#00FF00,0,89.37474600860754
image_47.png,5,False,30.910072354913957,95.36395303934638,20,#00FF00,Quadrant 1,1,1,50,,#00FF00,0,242.39725801869304
image_47.png,5,False,28.361009706869833,162.54959218244394,20,#00FF00,Quadrant 1,1,1,50,,#00FF00,0,185.67868704579016
image_47.png,5,False,338.36018293136357,303.39338725322466,20,#00FF00,Quadrant 4,2,2,50,,#00FF00,0,315.71684574659093
image_47.png,5,False,121.22294426798032,307.5437281346151,20,#00FF00,Quadrant 3,2,1,50,,#00FF00,0,132.8109692949177
image_47.png,5,False,102.69674956324911,150.20743126913288,20,#00FF00,Quadrant 1,1,1,50,,#00FF00,0,266.2473552240305
image_47.png,5,False,388.16352994775633,304.28489135108646,20,#00FF00,Quadrant 4,2,2,50,,#00FF00,0,349.86878825433433
image_47.png,5,False,217.59939370648766,311.8779985655692,20,#00FF00,Quadrant 4,2,2,50,,#00FF00,0,263.68680122613597
image_47.png,5,False,289.9952455527133,127.23902098307555,20,#00FF00,Quadrant 2,1,2,50,,#00FF00,0,135.4589389684957
image_47.png,5,False,382.6177504362713,169.69038827707553,20,#00FF00,Quadrant 2,1,2,50,,#00FF00,0,73.86997424612353
image_47.png,5,False,167.13547172337866,349.52846137286696,20,#00FF00,Quadrant 3,2,1,50,,#00FF00,0,304.38152482445025
image_47.png,5,False,293.7059727616095,230.53129714822848,20,#00FF00,Quadrant 4,2,2,50,,#00FF00,0,165.04489027589352
image_47.png,5,False,251.8675270523576,160.06478733037352,20,#00FF00,Quadrant 2,1,2,50,,#00FF00,0,181.9539949898793
image_47.png,5,False,121.25353709350954,332.645380788098,20,#00FF00,Quadrant 3,2,1,50,,#00FF00,0,47.05498311845827
image_47.png,5,False,159.53610960300472,325.4581375119342,20,#00FF00,Quadrant 3,2,1,50,,#00FF00,0,333.37510264138916
image_47.png,5,False,182.14246817528692,99.30504366928224,20,#00FF00,Quadrant 1,1,1,50,,#00FF00,0,117.45056476072057
image_47.png,5,False,62.450277945519794,302.11542242035,20,#00FF00,Quadrant 3,2,1,50,,#00FF00,0,339.67968697083404
image_47.png,5,False,50.93862953881727,180.9362306458416,20,#00FF00,Quadrant 1,1,1,50,,#00FF00,0,39.23022013863769
image_47.png,5,False,181.82465507492657,186.1450129313245,20,#00FF00,Quadrant 1,1,1,50,,#00FF00,0,277.3212295379418
image_47.png,5,False,334.78469651867454,67.06639540551957,20,#00FF00,Quadrant 2,1,2,50,,#00FF00,0,77.40748421052774
image_47.png,5,False,370.89251737937525,334.0392931471172,20,#00FF00,Quadrant 4,2,2,50,,#00FF00,0,62.5923837064918
image_47.png,5,False,311.0600827697051,56.90933058053042,20,#00FF00,Quadrant 2,1,2,50,,#00FF00,0,36.68664551826437
image_47.png,5,False,162.4199240558343,270.41582904944175,20,#00FF00,Quadrant 3,2,1,50,,#00FF00,0,71.32789266498706
image_48.png,2,True,357.7880038113773,39.34515430212368,20,#0000FF,Quadrant 2,1,2,50,50,#0000FF,0,211.00275079291634
image_48.png,5,False,85.74962727087375,255.1830465318042,20,#FF0000,Quadrant 3,2,1,50,,#FF0000,0,358.9781134069706
image_48.png,5,False,45.76792541235291,331.2701142988848,20,#FF0000,Quadrant 3,2,1,50,,#FF0000,0,291.34751950476283
image_48.png,5,False,57.31545519932513,367.1820898671156,20,#FF0000,Quadrant 3,2,1,50,,#FF0000,0,291.19939505575564
image_48.png,5,False,360.321792251827,174.73311059621778,20,#FF0000,Quadrant 2,1,2,50,,#FF0000,0,18.229572329492196
image_48.png,5,False,198.5357758786105,155.67172777842342,20,#FF0000,Quadrant 1,1,1,50,,#FF0000,0,260.79510496705416
image_48.png,5,False,144.79054951043935,354.33899359958707,20,#FF0000,Quadrant 3,2,1,50,,#FF0000,0,153.59904663421656
image_48.png,5,False,179.5923207844361,67.18267262799654,20,#FF0000,Quadrant 1,1,1,50,,#FF0000,0,98.99343684872716
image_48.png,5,False,244.21736817737403,255.6712353792023,20,#FF0000,Quadrant 4,2,2,50,,#FF0000,0,221.07836799996758
image_48.png,5,False,155.77977433707724,169.47076241221313,20,#FF0000,Quadrant 1,1,1,50,,#FF0000,0,31.57975838124269
image_48.png,5,False,312.34082203177894,105.17785144169,20,#FF0000,Quadrant 2,1,2,50,,#FF0000,0,231.35490922983664
image_48.png,5,False,216.50222614744214,18.38233369584801,20,#FF0000,Quadrant 2,1,2,50,,#FF0000,0,357.87141985282676
image_48.png,5,False,280.6541127245454,192.32071789970792,20,#FF0000,Quadrant 2,1,2,50,,#FF0000,0,137.699310194624
image_48.png,5,False,141.04489728057317,224.81612148809916,20,#FF0000,Quadrant 3,2,1,50,,#FF0000,0,281.31663810077765
image_48.png,5,False,113.22468884267211,20.85180181664019,20,#FF0000,Quadrant 1,1,1,50,,#FF0000,0,115.7775907204841
image_48.png,5,False,22.07670808284791,317.44058023607334,20,#FF0000,Quadrant 3,2,1,50,,#FF0000,0,214.96188699340274
image_48.png,5,False,316.6711679905566,189.2966976473138,20,#FF0000,Quadrant 2,1,2,50,,#FF0000,0,101.13575951079159
image_48.png,5,False,231.7478117037637,98.98408435407569,20,#FF0000,Quadrant 2,1,2,50,,#FF0000,0,128.67584136175495
image_48.png,5,False,104.68996641259454,102.15575656851534,20,#FF0000,Quadrant 1,1,1,50,,#FF0000,0,57.464930981757924
image_48.png,5,False,310.0876661742038,289.608731978636,20,#FF0000,Quadrant 4,2,2,50,,#FF0000,0,192.12824325161168
image_48.png,5,False,369.2693367670296,228.6116170583585,20,#FF0000,Quadrant 4,2,2,50,,#FF0000,0,275.05790053830395
image_48.png,5,False,76.6631478560413,100.41632817665021,20,#FF0000,Quadrant 1,1,1,50,,#FF0000,0,356.95509153812765
image_48.png,5,False,290.0037282236132,146.62002415570942,20,#FF0000,Quadrant 2,1,2,50,,#FF0000,0,114.4815725850737
image_48.png,5,False,317.3316396568325,377.80655375168993,20,#FF0000,Quadrant 4,2,2,50,,#FF0000,0,301.21086266400096
image_48.png,5,False,77.36045817572598,25.350294173637693,20,#FF0000,Quadrant 1,1,1,50,,#FF0000,0,195.16485654755758
image_48.png,5,False,139.80691873284002,78.07983186318825,20,#FF0000,Quadrant 1,1,1,50,,#FF0000,0,290.320348791601
image_48.png,5,False,277.37521717481854,64.54470712475879,20,#FF0000,Quadrant 2,1,2,50,,#FF0000,0,53.17632683500127
image_48.png,5,False,277.3153676394147,261.2887509579593,20,#FF0000,Quadrant 4,2,2,50,,#FF0000,0,26.111378181671174
image_48.png,5,False,138.22008489122408,132.94401125296002,20,#FF0000,Quadrant 1,1,1,50,,#FF0000,0,210.96599874177264
image_48.png,5,False,195.16160723112628,130.9331226486609,20,#FF0000,Quadrant 1,1,1,50,,#FF0000,0,230.13575692354408
image_48.png,5,False,223.42742306117586,347.26888195502374,20,#FF0000,Quadrant 4,2,2,50,,#FF0000,0,254.58585164507807
image_48.png,5,False,145.8800568013166,262.5709710614618,20,#FF0000,Quadrant 3,2,1,50,,#FF0000,0,220.93523504821243
image_48.png,5,False,154.0291928796409,288.4500999320478,20,#FF0000,Quadrant 3,2,1,50,,#FF0000,0,293.20352511947294
image_48.png,5,False,316.72901794110965,242.1020756177485,20,#FF0000,Quadrant 4,2,2,50,,#FF0000,0,114.55808826963421
image_48.png,5,False,50.35366807928668,198.557951891148,20,#FF0000,Quadrant 1,1,1,50,,#FF0000,0,230.27283820210462
image_48.png,5,False,40.41090933950587,142.09422713026035,20,#FF0000,Quadrant 1,1,1,50,,#FF0000,0,119.22063341977892
image_48.png,5,False,251.47859915085922,375.0440980757656,20,#FF0000,Quadrant 4,2,2,50,,#FF0000,0,115.02672449081739
image_48.png,5,False,264.2692878811122,286.6700880166518,20,#FF0000,Quadrant 4,2,2,50,,#FF0000,0,295.79824995419153
image_48.png,5,False,15.307544471698247,90.26065950338871,20,#FF0000,Quadrant 1,1,1,50,,#FF0000,0,120.86980760683696
image_48.png,5,False,73.87593141466864,167.49924385834478,20,#FF0000,Quadrant 1,1,1,50,,#FF0000,0,151.07516250667464
image_48.png,5,False,96.27027099940298,181.58664443986228,20,#FF0000,Quadrant 1,1,1,50,,#FF0000,0,272.9676756812464
image_48.png,5,False,23.6300333103199,18.58948336895546,20,#FF0000,Quadrant 1,1,1,50,,#FF0000,0,287.7100436722822
image_48.png,5,False,380.6996956556556,138.74532084571973,20,#FF0000,Quadrant 2,1,2,50,,#FF0000,0,339.060291672682
image_48.png,5,False,348.63949326034265,277.30275641169715,20,#FF0000,Quadrant 4,2,2,50,,#FF0000,0,354.6993960508116
image_48.png,5,False,165.7077892537441,220.4544994155347,20,#FF0000,Quadrant 3,2,1,50,,#FF0000,0,350.78343144352976
image_48.png,5,False,215.16741314731598,260.706003445504,20,#FF0000,Quadrant 4,2,2,50,,#FF0000,0,333.2064961104888
image_48.png,5,False,54.66237317441093,307.6833446192939,20,#FF0000,Quadrant 3,2,1,50,,#FF0000,0,170.48543441114475
image_48.png,5,False,349.2636887272681,111.17166211046083,20,#FF0000,Quadrant 2,1,2,50,,#FF0000,0,169.54000306185222
image_48.png,5,False,110.5655060523717,327.4157683068248,20,#FF0000,Quadrant 3,2,1,50,,#FF0000,0,158.3065522269969
image_48.png,5,False,263.5573637333001,316.49209949871687,20,#FF0000,Quadrant 4,2,2,50,,#FF0000,0,34.81294356923275
image_48.png,5,False,333.7892525941696,24.127370564597506,20,#FF0000,Quadrant 2,1,2,50,,#FF0000,0,142.12957147508703
image_49.png,2,True,180.73702027908152,369.74524058469456,20,#0000FF,Quadrant 3,2,1,1,50,#0000FF,0,341.7317339225706
image_49.png,5,False,91.0944803327184,83.85045976712038,20,#FF0000,Quadrant 1,1,1,1,,#FF0000,0,60.17932347937936
