,trial_index,video_name,condition,bin,sample,success,failure_type,err_no_distractors,err_no_target,err_wrong_manip,err_new_target_id,err_new_target_unid,err_extra_distractors,err_font_change,err_rotation,err_movement,err_enlarge_target,err_enlarge_distractors,err_target_centre,err_circular_motion,err_merging,err_id_change_before,err_id_change_after,err_vanishing,fidelity_score_total,fidelity_omission,fidelity_numeric,fidelity_temporal,fidelity_physical_vanishing,notes,coder,timestamp,trial_index_DK,video_name_DK,condition_DK,bin_DK,sample_DK,success_DK,failure_type_DK,err_no_distractors_DK,err_no_target_DK,err_wrong_manip_DK,err_new_target_id_DK,err_new_target_unid_DK,err_extra_distractors_DK,err_font_change_DK,err_rotation_DK,err_movement_DK,err_enlarge_target_DK,err_enlarge_distractors_DK,err_target_centre_DK,err_circular_motion_DK,err_merging_DK,err_id_change_before_DK,err_id_change_after_DK,err_vanishing_DK,fidelity_score_total_DK,fidelity_omission_DK,fidelity_numeric_DK,fidelity_temporal_DK,fidelity_physical_vanishing_DK,notes_DK,coder_DK,timestamp_DK,trial_index_FR,video_name_FR,condition_FR,bin_FR,sample_FR,success_FR,failure_type_FR,err_no_distractors_FR,err_no_target_FR,err_wrong_manip_FR,err_new_target_id_FR,err_new_target_unid_FR,err_extra_distractors_FR,err_font_change_FR,err_rotation_FR,err_movement_FR,err_enlarge_target_FR,err_enlarge_distractors_FR,err_target_centre_FR,err_circular_motion_FR,err_merging_FR,err_id_change_before_FR,err_id_change_after_FR,err_vanishing_FR,fidelity_score_total_FR,fidelity_omission_FR,fidelity_numeric_FR,fidelity_temporal_FR,fidelity_physical_vanishing_FR,notes_FR,coder_FR,timestamp_FR
0,0,2Among5Colour_Bin1_Sample1.mp4,2Among5Colour,1,1,1,,0,0,0,0,0,1,1,1,0,1,1,1,0,0,0,0,0,6,0,1,5,0,,ER_01,2026-03-31T09:18:42.248Z,,,,,,,,,,,,,,,,,,,,,,,,,,,,,,,,,,,,,,,,,,,,,,,,,,,,,,,,,,,,,,,,
1,1,2Among5Colour_Bin1_Sample2.mp4,2Among5Colour,1,2,0,new_generation,0,0,0,1,0,0,0,0,1,0,0,1,0,0,0,0,0,3,0,1,2,0,,ER_01,2026-03-31T09:19:46.238Z,,,,,,,,,,,,,,,,,,,,,,,,,,,,,,,,,,,,,,,,,,,,,,,,,,,,,,,,,,,,,,,,
2,2,2Among5Colour_Bin1_Sample3.mp4,2Among5Colour,1,3,1,,0,0,0,0,0,1,1,0,0,0,0,1,0,0,0,0,1,4,0,1,2,1,,ER_01,2026-03-31T09:20:37.038Z,0.0,2Among5Colour_Bin1_Sample3.mp4,2Among5Colour,1.0,3.0,1.0,,0.0,0.0,0.0,0.0,0.0,1.0,1.0,1.0,0.0,1.0,0.0,1.0,0.0,0.0,0.0,0.0,1.0,6.0,0.0,1.0,4.0,1.0,,DK_01,2026-04-02T15:10:55.369Z,,,,,,,,,,,,,,,,,,,,,,,,,,,,,,,,
3,3,2Among5Colour_Bin1_Sample4.mp4,2Among5Colour,1,4,1,,0,0,0,0,0,1,1,1,0,1,0,1,1,0,0,0,1,7,0,1,5,1,,ER_01,2026-03-31T09:21:42.837Z,,,,,,,,,,,,,,,,,,,,,,,,,,,,,,,,,,,,,,,,,,,,,,,,,,,,,,,,,,,,,,,,
4,4,2Among5Colour_Bin1_Sample5.mp4,2Among5Colour,1,5,1,,0,0,0,0,0,0,1,1,0,1,0,0,0,0,0,0,0,3,0,0,3,0,distractor identity change,ER_01,2026-03-31T09:22:38.383Z,,,,,,,,,,,,,,,,,,,,,,,,,,,,,,,,,,,,,,,,,,,,,,,,,,,,,,,,,,,,,,,,
5,5,2Among5Colour_Bin1_Sample6.mp4,2Among5Colour,1,6,1,,0,0,0,0,0,0,1,1,0,1,1,0,0,0,0,0,0,4,0,0,4,0,,ER_01,2026-03-31T09:23:17.070Z,1.0,2Among5Colour_Bin1_Sample6.mp4,2Among5Colour,1.0,6.0,1.0,,0.0,0.0,0.0,0.0,0.0,0.0,1.0,1.0,0.0,1.0,0.0,0.0,0.0,0.0,0.0,0.0,1.0,4.0,0.0,0.0,3.0,1.0,,DK_01,2026-04-02T15:15:58.221Z,,,,,,,,,,,,,,,,,,,,,,,,,,,,,,,,
6,6,2Among5Colour_Bin2_Sample1.mp4,2Among5Colour,2,1,0,new_generation,0,0,0,1,0,1,0,1,1,1,1,0,1,0,0,0,0,7,0,2,5,0,new distractors / ambiguity in circling new target,ER_01,2026-03-31T09:24:31.537Z,,,,,,,,,,,,,,,,,,,,,,,,,,,,,,,,,,,,,,,,,,,,,,,,,,,,,,,,,,,,,,,,
7,7,2Among5Colour_Bin2_Sample2.mp4,2Among5Colour,2,2,1,,0,0,0,0,0,1,1,1,0,1,0,0,0,0,0,0,0,4,0,1,3,0,,ER_01,2026-03-31T09:25:19.368Z,,,,,,,,,,,,,,,,,,,,,,,,,,,,,,,,,,,,,,,,,,,,,,,,,,,,,,,,,,,,,,,,
8,8,2Among5Colour_Bin2_Sample3.mp4,2Among5Colour,2,3,1,,0,0,0,0,0,1,1,1,0,1,0,1,0,0,0,0,0,5,0,1,4,0,,ER_01,2026-03-31T09:28:02.700Z,,,,,,,,,,,,,,,,,,,,,,,,,,,,,,,,,,,,,,,,,,,,,,,,,,,,,,,,,,,,,,,,
9,9,2Among5Colour_Bin2_Sample4.mp4,2Among5Colour,2,4,1,,0,0,0,0,0,1,1,1,0,0,0,0,0,1,0,0,1,5,0,1,3,1,,ER_01,2026-03-31T09:28:48.401Z,2.0,2Among5Colour_Bin2_Sample4.mp4,2Among5Colour,2.0,4.0,1.0,,0.0,0.0,0.0,0.0,0.0,1.0,1.0,1.0,0.0,1.0,0.0,0.0,0.0,0.0,0.0,0.0,0.0,4.0,0.0,1.0,3.0,0.0,,DK_01,2026-04-02T15:15:38.383Z,,,,,,,,,,,,,,,,,,,,,,,,,,,,,,,,
10,10,2Among5Colour_Bin2_Sample5.mp4,2Among5Colour,2,5,1,,0,0,0,0,0,1,1,1,2,1,0,0,0,0,0,0,1,7,0,1,5,1,,ER_01,2026-03-31T09:29:40.338Z,,,,,,,,,,,,,,,,,,,,,,,,,,,,,,,,,,,,,,,,,,,,,,,,,,,,,,,,,,,,,,,,
11,11,2Among5Colour_Bin2_Sample6.mp4,2Among5Colour,2,6,0,new_generation,0,0,0,1,0,1,1,0,1,1,0,1,0,0,0,0,0,6,0,2,4,0,,ER_01,2026-03-31T09:30:25.267Z,,,,,,,,,,,,,,,,,,,,,,,,,,,,,,,,,,,,,,,,,,,,,,,,,,,,,,,,,,,,,,,,
12,12,2Among5Colour_Bin3_Sample1.mp4,2Among5Colour,3,1,0,ambiguity,0,0,0,0,0,1,1,1,0,1,0,1,0,0,0,0,1,6,0,1,4,1,,ER_01,2026-03-31T09:31:39.633Z,,,,,,,,,,,,,,,,,,,,,,,,,,,,,,,,,0.0,2Among5Colour_Bin3_Sample1.mp4,2Among5Colour,3.0,1.0,1.0,,0.0,0.0,0.0,0.0,0.0,1.0,1.0,0.0,0.0,1.0,1.0,1.0,0.0,0.0,0.0,0.0,0.0,5.0,0.0,1.0,4.0,0.0,,FR_01,2026-04-05T19:30:17.620Z
13,13,2Among5Colour_Bin3_Sample2.mp4,2Among5Colour,3,2,1,,0,0,0,0,0,1,0,0,0,0,0,0,1,0,0,0,0,2,0,1,1,0,,ER_01,2026-03-31T09:32:16.866Z,,,,,,,,,,,,,,,,,,,,,,,,,,,,,,,,,,,,,,,,,,,,,,,,,,,,,,,,,,,,,,,,
14,14,2Among5Colour_Bin3_Sample3.mp4,2Among5Colour,3,3,1,,0,0,0,0,0,1,1,1,0,1,0,0,0,0,0,0,0,4,0,1,3,0,,ER_01,2026-03-31T09:32:55.200Z,3.0,2Among5Colour_Bin3_Sample3.mp4,2Among5Colour,3.0,3.0,1.0,,0.0,0.0,0.0,0.0,0.0,1.0,1.0,1.0,0.0,1.0,0.0,0.0,0.0,1.0,0.0,0.0,0.0,5.0,0.0,1.0,4.0,0.0,,DK_01,2026-04-02T15:17:31.689Z,,,,,,,,,,,,,,,,,,,,,,,,,,,,,,,,
15,15,2Among5Colour_Bin3_Sample4.mp4,2Among5Colour,3,4,0,ambiguity,0,0,0,0,0,1,1,1,1,1,0,0,1,0,0,0,0,6,0,1,5,0,,ER_01,2026-03-31T09:36:18.568Z,4.0,2Among5Colour_Bin3_Sample4.mp4,2Among5Colour,3.0,4.0,1.0,,0.0,0.0,0.0,0.0,0.0,0.0,1.0,1.0,0.0,1.0,0.0,1.0,1.0,0.0,0.0,0.0,0.0,5.0,0.0,0.0,5.0,0.0,,DK_01,2026-04-02T15:20:01.481Z,1.0,2Among5Colour_Bin3_Sample4.mp4,2Among5Colour,3.0,4.0,0.0,ambiguity,0.0,0.0,0.0,0.0,0.0,1.0,1.0,1.0,0.0,1.0,0.0,0.0,0.0,1.0,0.0,0.0,0.0,5.0,0.0,1.0,4.0,0.0,,FR_01,2026-04-05T19:30:46.617Z
16,16,2Among5Colour_Bin3_Sample5.mp4,2Among5Colour,3,5,0,ambiguity,0,0,0,0,0,1,1,1,0,1,0,0,1,0,0,0,1,6,0,1,4,1,,ER_01,2026-03-31T09:37:55.968Z,,,,,,,,,,,,,,,,,,,,,,,,,,,,,,,,,2.0,2Among5Colour_Bin3_Sample5.mp4,2Among5Colour,3.0,5.0,0.0,ambiguity,0.0,0.0,0.0,1.0,0.0,1.0,1.0,0.0,0.0,1.0,0.0,0.0,1.0,1.0,0.0,0.0,0.0,6.0,0.0,2.0,4.0,0.0,,FR_01,2026-04-05T19:31:09.933Z
17,17,2Among5Colour_Bin3_Sample6.mp4,2Among5Colour,3,6,0,new_generation,0,0,0,1,0,1,1,0,1,1,0,0,1,0,0,0,1,7,0,2,4,1,,ER_01,2026-03-31T09:41:00.268Z,,,,,,,,,,,,,,,,,,,,,,,,,,,,,,,,,,,,,,,,,,,,,,,,,,,,,,,,,,,,,,,,
18,18,2Among5Colour_Bin4_Sample1.mp4,2Among5Colour,4,1,1,,0,0,0,0,0,0,1,1,1,1,0,0,0,0,0,0,0,4,0,0,4,0,,ER_01,2026-03-31T09:41:30.639Z,,,,,,,,,,,,,,,,,,,,,,,,,,,,,,,,,,,,,,,,,,,,,,,,,,,,,,,,,,,,,,,,
19,19,2Among5Colour_Bin4_Sample2.mp4,2Among5Colour,4,2,0,ambiguity,0,0,0,0,0,1,1,0,1,1,0,0,1,0,0,0,0,5,0,1,4,0,,ER_01,2026-03-31T09:43:07.577Z,,,,,,,,,,,,,,,,,,,,,,,,,,,,,,,,,3.0,2Among5Colour_Bin4_Sample2.mp4,2Among5Colour,4.0,2.0,0.0,ambiguity,0.0,0.0,0.0,0.0,0.0,1.0,1.0,1.0,0.0,1.0,0.0,0.0,0.0,1.0,0.0,0.0,0.0,5.0,0.0,1.0,4.0,0.0,,FR_01,2026-04-05T19:31:33.715Z
20,20,2Among5Colour_Bin4_Sample3.mp4,2Among5Colour,4,3,0,new_generation,0,0,0,0,0,0,1,0,0,1,0,0,1,0,0,0,0,3,0,0,3,0,,ER_01,2026-03-31T09:44:02.949Z,5.0,2Among5Colour_Bin4_Sample3.mp4,2Among5Colour,4.0,3.0,0.0,new_generation,0.0,0.0,0.0,1.0,0.0,0.0,1.0,1.0,0.0,0.0,0.0,0.0,1.0,0.0,0.0,0.0,0.0,4.0,0.0,1.0,3.0,0.0,,DK_01,2026-04-02T15:21:45.946Z,,,,,,,,,,,,,,,,,,,,,,,,,,,,,,,,
21,21,2Among5Colour_Bin4_Sample4.mp4,2Among5Colour,4,4,0,ambiguity,0,0,0,0,0,0,1,1,1,1,0,1,0,0,0,0,0,5,0,0,5,0,,ER_01,2026-03-31T09:44:51.783Z,,,,,,,,,,,,,,,,,,,,,,,,,,,,,,,,,,,,,,,,,,,,,,,,,,,,,,,,,,,,,,,,
22,22,2Among5Colour_Bin4_Sample5.mp4,2Among5Colour,4,5,1,,0,0,0,0,0,1,0,0,0,0,0,0,0,0,0,0,0,1,0,1,0,0,,ER_01,2026-03-31T09:45:26.799Z,,,,,,,,,,,,,,,,,,,,,,,,,,,,,,,,,4.0,2Among5Colour_Bin4_Sample5.mp4,2Among5Colour,4.0,5.0,1.0,,0.0,0.0,0.0,0.0,0.0,1.0,0.0,0.0,0.0,0.0,0.0,0.0,0.0,0.0,0.0,0.0,0.0,1.0,0.0,1.0,0.0,0.0,,FR_01,2026-04-05T19:31:42.896Z
23,23,2Among5Colour_Bin4_Sample6.mp4,2Among5Colour,4,6,0,ambiguity,0,0,0,0,0,0,1,1,0,1,0,0,1,0,0,0,0,4,0,0,4,0,,ER_01,2026-03-31T09:45:58.598Z,,,,,,,,,,,,,,,,,,,,,,,,,,,,,,,,,5.0,2Among5Colour_Bin4_Sample6.mp4,2Among5Colour,4.0,6.0,0.0,ambiguity,0.0,0.0,0.0,0.0,0.0,0.0,1.0,1.0,0.0,1.0,0.0,0.0,1.0,0.0,0.0,0.0,0.0,4.0,0.0,0.0,4.0,0.0,,FR_01,2026-04-05T19:32:12.311Z
24,24,2Among5Colour_Bin5_Sample1.mp4,2Among5Colour,5,1,0,new_generation,0,0,0,1,0,0,1,0,1,1,0,0,1,0,0,0,0,5,0,1,4,0,,ER_01,2026-03-31T09:48:51.404Z,,,,,,,,,,,,,,,,,,,,,,,,,,,,,,,,,,,,,,,,,,,,,,,,,,,,,,,,,,,,,,,,
25,25,2Among5Colour_Bin5_Sample2.mp4,2Among5Colour,5,2,0,ambiguity,0,0,0,0,0,1,1,1,0,1,0,0,1,0,0,0,0,5,0,1,4,0,,ER_01,2026-03-31T09:49:22.181Z,6.0,2Among5Colour_Bin5_Sample2.mp4,2Among5Colour,5.0,2.0,1.0,,0.0,0.0,0.0,0.0,0.0,1.0,1.0,1.0,0.0,1.0,0.0,0.0,0.0,0.0,0.0,0.0,0.0,4.0,0.0,1.0,3.0,0.0,,DK_01,2026-04-02T15:23:02.646Z,6.0,2Among5Colour_Bin5_Sample2.mp4,2Among5Colour,5.0,2.0,0.0,ambiguity,0.0,0.0,0.0,0.0,0.0,1.0,1.0,1.0,0.0,1.0,0.0,0.0,0.0,0.0,0.0,0.0,0.0,4.0,0.0,1.0,3.0,0.0,,FR_01,2026-04-05T19:32:33.745Z
26,26,2Among5Colour_Bin5_Sample3.mp4,2Among5Colour,5,3,1,,0,0,0,0,0,0,1,1,0,1,0,0,1,0,0,0,0,4,0,0,4,0,,ER_01,2026-03-31T09:49:45.163Z,,,,,,,,,,,,,,,,,,,,,,,,,,,,,,,,,,,,,,,,,,,,,,,,,,,,,,,,,,,,,,,,
27,27,2Among5Colour_Bin5_Sample4.mp4,2Among5Colour,5,4,0,ambiguity,0,0,0,0,0,0,1,1,0,1,0,0,1,0,0,0,0,4,0,0,4,0,,ER_01,2026-03-31T09:50:38.444Z,7.0,2Among5Colour_Bin5_Sample4.mp4,2Among5Colour,5.0,4.0,1.0,,0.0,0.0,0.0,0.0,0.0,1.0,0.0,1.0,0.0,1.0,0.0,1.0,0.0,0.0,0.0,0.0,0.0,4.0,0.0,1.0,3.0,0.0,idk bro,DK_01,2026-04-02T15:25:24.760Z,7.0,2Among5Colour_Bin5_Sample4.mp4,2Among5Colour,5.0,4.0,0.0,ambiguity,0.0,0.0,0.0,0.0,0.0,0.0,1.0,1.0,0.0,1.0,0.0,1.0,0.0,0.0,0.0,0.0,0.0,4.0,0.0,0.0,4.0,0.0,,FR_01,2026-04-05T19:32:47.169Z
28,28,2Among5Colour_Bin5_Sample5.mp4,2Among5Colour,5,5,0,ambiguity,0,0,0,0,0,1,1,1,0,1,0,0,1,0,0,0,1,6,0,1,4,1,,ER_01,2026-03-31T09:53:20.196Z,,,,,,,,,,,,,,,,,,,,,,,,,,,,,,,,,8.0,2Among5Colour_Bin5_Sample5.mp4,2Among5Colour,5.0,5.0,0.0,ambiguity,0.0,0.0,0.0,0.0,0.0,1.0,1.0,1.0,0.0,1.0,0.0,1.0,0.0,0.0,0.0,0.0,0.0,5.0,0.0,1.0,4.0,0.0,,FR_01,2026-04-05T19:33:08.526Z
29,29,2Among5Colour_Bin5_Sample6.mp4,2Among5Colour,5,6,0,new_generation,0,0,0,1,0,0,1,0,0,1,0,0,1,0,0,0,0,4,0,1,3,0,,ER_01,2026-03-31T09:53:41.964Z,,,,,,,,,,,,,,,,,,,,,,,,,,,,,,,,,,,,,,,,,,,,,,,,,,,,,,,,,,,,,,,,
30,30,2Among5Colour_Bin6_Sample1.mp4,2Among5Colour,6,1,0,ambiguity,0,0,0,0,0,0,1,1,1,1,0,1,1,0,0,0,0,6,0,0,6,0,,ER_01,2026-03-31T09:54:54.435Z,,,,,,,,,,,,,,,,,,,,,,,,,,,,,,,,,9.0,2Among5Colour_Bin6_Sample1.mp4,2Among5Colour,6.0,1.0,0.0,ambiguity,0.0,0.0,0.0,0.0,0.0,0.0,1.0,1.0,0.0,1.0,0.0,0.0,0.0,0.0,0.0,0.0,0.0,3.0,0.0,0.0,3.0,0.0,zoom in on the scene ,FR_01,2026-04-05T19:33:30.208Z
31,31,2Among5Colour_Bin6_Sample2.mp4,2Among5Colour,6,2,1,,0,0,0,0,0,0,1,1,0,1,0,0,1,0,0,0,0,4,0,0,4,0,,ER_01,2026-03-31T09:55:41.325Z,,,,,,,,,,,,,,,,,,,,,,,,,,,,,,,,,,,,,,,,,,,,,,,,,,,,,,,,,,,,,,,,
32,32,2Among5Colour_Bin6_Sample3.mp4,2Among5Colour,6,3,1,,0,0,0,0,0,1,1,1,0,1,0,1,1,0,0,0,0,6,0,1,5,0,,ER_01,2026-03-31T09:56:16.490Z,8.0,2Among5Colour_Bin6_Sample3.mp4,2Among5Colour,6.0,3.0,1.0,,0.0,0.0,0.0,0.0,0.0,0.0,1.0,0.0,0.0,1.0,0.0,1.0,1.0,1.0,0.0,0.0,0.0,5.0,0.0,0.0,5.0,0.0,,DK_01,2026-04-02T15:26:25.376Z,,,,,,,,,,,,,,,,,,,,,,,,,,,,,,,,
33,33,2Among5Colour_Bin6_Sample4.mp4,2Among5Colour,6,4,0,ambiguity,0,0,0,0,0,0,1,1,0,1,0,0,0,0,0,0,0,3,0,0,3,0,,ER_01,2026-03-31T09:57:12.234Z,,,,,,,,,,,,,,,,,,,,,,,,,,,,,,,,,10.0,2Among5Colour_Bin6_Sample4.mp4,2Among5Colour,6.0,4.0,0.0,ambiguity,0.0,0.0,0.0,0.0,0.0,0.0,1.0,0.0,0.0,1.0,0.0,0.0,0.0,0.0,0.0,0.0,0.0,2.0,0.0,0.0,2.0,0.0,,FR_01,2026-04-05T19:33:39.405Z
34,34,2Among5Colour_Bin6_Sample5.mp4,2Among5Colour,6,5,0,ambiguity,0,0,0,0,0,0,1,0,0,1,0,0,1,0,0,0,0,3,0,0,3,0,,ER_01,2026-03-31T09:58:02.146Z,9.0,2Among5Colour_Bin6_Sample5.mp4,2Among5Colour,6.0,5.0,1.0,,0.0,0.0,0.0,0.0,0.0,0.0,1.0,0.0,0.0,1.0,0.0,0.0,1.0,0.0,0.0,0.0,0.0,3.0,0.0,0.0,3.0,0.0,,DK_01,2026-04-02T15:27:10.061Z,11.0,2Among5Colour_Bin6_Sample5.mp4,2Among5Colour,6.0,5.0,0.0,ambiguity,0.0,0.0,0.0,0.0,0.0,0.0,1.0,1.0,0.0,1.0,0.0,0.0,0.0,0.0,0.0,0.0,0.0,3.0,0.0,0.0,3.0,0.0,,FR_01,2026-04-05T19:34:00.555Z
35,35,2Among5Colour_Bin6_Sample6.mp4,2Among5Colour,6,6,1,,0,0,0,0,0,0,0,0,0,1,0,0,0,0,0,0,0,1,0,0,1,0,,ER_01,2026-03-31T09:59:07.969Z,,,,,,,,,,,,,,,,,,,,,,,,,,,,,,,,,,,,,,,,,,,,,,,,,,,,,,,,,,,,,,,,
36,36,2Among5ConjRed_Bin1_Sample1.mp4,2Among5ConjRed,1,1,1,,0,0,0,0,0,0,1,1,0,1,1,1,0,0,0,0,0,5,0,0,5,0,,ER_01,2026-03-31T10:00:21.474Z,,,,,,,,,,,,,,,,,,,,,,,,,,,,,,,,,,,,,,,,,,,,,,,,,,,,,,,,,,,,,,,,
37,37,2Among5ConjRed_Bin1_Sample2.mp4,2Among5ConjRed,1,2,0,new_generation,0,0,1,1,0,1,0,0,1,0,0,0,0,0,0,0,0,4,1,2,1,0,,ER_01,2026-03-31T10:02:10.209Z,10.0,2Among5ConjRed_Bin1_Sample2.mp4,2Among5ConjRed,1.0,2.0,0.0,new_generation,0.0,0.0,0.0,1.0,0.0,1.0,1.0,0.0,0.0,0.0,0.0,0.0,0.0,0.0,0.0,0.0,1.0,4.0,0.0,2.0,1.0,1.0,,DK_01,2026-04-02T15:28:48.832Z,,,,,,,,,,,,,,,,,,,,,,,,,,,,,,,,
38,38,2Among5ConjRed_Bin1_Sample3.mp4,2Among5ConjRed,1,3,1,,0,0,0,0,0,1,0,0,0,0,0,0,0,0,0,0,0,1,0,1,0,0,,ER_01,2026-03-31T10:02:55.096Z,11.0,2Among5ConjRed_Bin1_Sample3.mp4,2Among5ConjRed,1.0,3.0,1.0,,0.0,0.0,0.0,0.0,0.0,1.0,0.0,1.0,0.0,1.0,0.0,0.0,0.0,0.0,0.0,0.0,0.0,3.0,0.0,1.0,2.0,0.0,,DK_01,2026-04-02T15:29:31.826Z,,,,,,,,,,,,,,,,,,,,,,,,,,,,,,,,
39,39,2Among5ConjRed_Bin1_Sample4.mp4,2Among5ConjRed,1,4,1,,0,0,0,0,1,0,1,1,0,1,1,1,0,0,0,0,0,6,0,1,5,0,,ER_01,2026-03-31T10:03:52.538Z,,,,,,,,,,,,,,,,,,,,,,,,,,,,,,,,,,,,,,,,,,,,,,,,,,,,,,,,,,,,,,,,
40,40,2Among5ConjRed_Bin1_Sample5.mp4,2Among5ConjRed,1,5,1,,0,0,0,0,0,1,1,1,0,1,0,0,0,0,0,0,0,4,0,1,3,0,,ER_01,2026-03-31T10:05:23.144Z,,,,,,,,,,,,,,,,,,,,,,,,,,,,,,,,,,,,,,,,,,,,,,,,,,,,,,,,,,,,,,,,
41,41,2Among5ConjRed_Bin1_Sample6.mp4,2Among5ConjRed,1,6,1,,0,0,0,0,0,0,1,0,0,1,1,1,0,0,0,0,0,4,0,0,4,0,,ER_01,2026-03-31T10:06:11.252Z,,,,,,,,,,,,,,,,,,,,,,,,,,,,,,,,,,,,,,,,,,,,,,,,,,,,,,,,,,,,,,,,
42,42,2Among5ConjRed_Bin2_Sample1.mp4,2Among5ConjRed,2,1,0,ambiguity,0,0,0,0,0,1,1,1,0,1,1,0,0,0,0,0,0,5,0,1,4,0,,ER_01,2026-03-31T10:07:36.895Z,,,,,,,,,,,,,,,,,,,,,,,,,,,,,,,,,12.0,2Among5ConjRed_Bin2_Sample1.mp4,2Among5ConjRed,2.0,1.0,0.0,ambiguity,0.0,0.0,0.0,0.0,1.0,1.0,1.0,0.0,0.0,1.0,0.0,0.0,0.0,0.0,0.0,0.0,0.0,4.0,0.0,2.0,2.0,0.0,,FR_01,2026-04-05T19:35:52.531Z
43,43,2Among5ConjRed_Bin2_Sample2.mp4,2Among5ConjRed,2,2,0,new_generation,0,0,0,1,1,1,1,1,1,1,0,0,0,0,0,0,0,7,0,3,4,0,,ER_01,2026-03-31T10:08:40.808Z,12.0,2Among5ConjRed_Bin2_Sample2.mp4,2Among5ConjRed,2.0,2.0,0.0,new_generation,0.0,0.0,0.0,1.0,1.0,0.0,1.0,0.0,1.0,0.0,0.0,0.0,0.0,1.0,0.0,0.0,0.0,5.0,0.0,2.0,3.0,0.0,,DK_01,2026-04-02T15:31:28.150Z,,,,,,,,,,,,,,,,,,,,,,,,,,,,,,,,
44,44,2Among5ConjRed_Bin2_Sample3.mp4,2Among5ConjRed,2,3,0,new_generation,0,0,0,1,0,0,1,1,1,1,0,1,1,0,0,0,0,7,0,1,6,0,circled Blue number,ER_01,2026-03-31T10:10:23.129Z,,,,,,,,,,,,,,,,,,,,,,,,,,,,,,,,,,,,,,,,,,,,,,,,,,,,,,,,,,,,,,,,
45,45,2Among5ConjRed_Bin2_Sample4.mp4,2Among5ConjRed,2,4,0,new_generation,0,0,0,1,1,1,1,0,1,1,0,0,1,0,0,0,1,8,0,3,4,1,,ER_01,2026-03-31T10:12:17.077Z,,,,,,,,,,,,,,,,,,,,,,,,,,,,,,,,,,,,,,,,,,,,,,,,,,,,,,,,,,,,,,,,
46,46,2Among5ConjRed_Bin2_Sample5.mp4,2Among5ConjRed,2,5,0,new_generation,0,0,0,1,0,1,1,1,1,0,0,0,0,0,0,0,0,5,0,2,3,0,,ER_01,2026-03-31T10:12:51.484Z,13.0,2Among5ConjRed_Bin2_Sample5.mp4,2Among5ConjRed,2.0,5.0,0.0,new_generation,0.0,0.0,0.0,1.0,0.0,0.0,0.0,0.0,0.0,1.0,0.0,0.0,0.0,0.0,0.0,0.0,0.0,2.0,0.0,1.0,1.0,0.0,,DK_01,2026-04-02T15:33:00.958Z,,,,,,,,,,,,,,,,,,,,,,,,,,,,,,,,
47,47,2Among5ConjRed_Bin2_Sample6.mp4,2Among5ConjRed,2,6,0,new_generation,0,0,0,1,1,1,1,1,1,1,1,1,0,0,0,0,0,9,0,3,6,0,,ER_01,2026-03-31T10:14:07.286Z,,,,,,,,,,,,,,,,,,,,,,,,,,,,,,,,,,,,,,,,,,,,,,,,,,,,,,,,,,,,,,,,
48,48,2Among5ConjRed_Bin3_Sample1.mp4,2Among5ConjRed,3,1,0,new_generation,0,0,0,1,1,0,1,1,1,1,0,0,0,0,0,0,1,7,0,2,4,1,,ER_01,2026-03-31T10:14:56.439Z,14.0,2Among5ConjRed_Bin3_Sample1.mp4,2Among5ConjRed,3.0,1.0,0.0,new_generation,0.0,0.0,0.0,1.0,0.0,1.0,1.0,0.0,0.0,1.0,0.0,0.0,0.0,1.0,0.0,0.0,0.0,5.0,0.0,2.0,3.0,0.0,,DK_01,2026-04-02T15:34:14.747Z,,,,,,,,,,,,,,,,,,,,,,,,,,,,,,,,
49,49,2Among5ConjRed_Bin3_Sample2.mp4,2Among5ConjRed,3,2,0,new_generation,0,0,0,1,1,1,1,0,0,1,0,0,0,0,0,0,0,5,0,3,2,0,,ER_01,2026-03-31T10:15:30.118Z,,,,,,,,,,,,,,,,,,,,,,,,,,,,,,,,,,,,,,,,,,,,,,,,,,,,,,,,,,,,,,,,
50,50,2Among5ConjRed_Bin3_Sample3.mp4,2Among5ConjRed,3,3,0,new_generation,0,0,1,1,1,1,1,1,0,1,0,0,0,0,0,0,1,8,1,3,3,1,,ER_01,2026-03-31T10:17:40.139Z,,,,,,,,,,,,,,,,,,,,,,,,,,,,,,,,,,,,,,,,,,,,,,,,,,,,,,,,,,,,,,,,
51,51,2Among5ConjRed_Bin3_Sample4.mp4,2Among5ConjRed,3,4,0,new_generation,0,0,0,1,0,1,1,1,0,1,0,0,0,0,0,0,1,6,0,2,3,1,,ER_01,2026-03-31T10:18:30.250Z,,,,,,,,,,,,,,,,,,,,,,,,,,,,,,,,,,,,,,,,,,,,,,,,,,,,,,,,,,,,,,,,
52,52,2Among5ConjRed_Bin3_Sample5.mp4,2Among5ConjRed,3,5,1,,0,0,0,0,1,1,0,0,0,0,0,0,0,0,0,0,0,2,0,2,0,0,,ER_01,2026-03-31T10:19:30.162Z,15.0,2Among5ConjRed_Bin3_Sample5.mp4,2Among5ConjRed,3.0,5.0,1.0,,0.0,0.0,0.0,0.0,1.0,1.0,0.0,0.0,0.0,0.0,0.0,0.0,0.0,0.0,0.0,0.0,0.0,2.0,0.0,2.0,0.0,0.0,,DK_01,2026-04-02T15:35:26.708Z,,,,,,,,,,,,,,,,,,,,,,,,,,,,,,,,
53,53,2Among5ConjRed_Bin3_Sample6.mp4,2Among5ConjRed,3,6,0,new_generation,0,0,0,1,1,1,1,0,0,1,1,0,1,0,0,0,0,7,0,3,4,0,,ER_01,2026-03-31T10:20:49.451Z,,,,,,,,,,,,,,,,,,,,,,,,,,,,,,,,,,,,,,,,,,,,,,,,,,,,,,,,,,,,,,,,
54,54,2Among5ConjRed_Bin4_Sample1.mp4,2Among5ConjRed,4,1,0,new_generation,0,0,0,1,1,1,1,0,1,1,0,0,0,0,0,0,0,6,0,3,3,0,,ER_01,2026-03-31T10:21:42.675Z,16.0,2Among5ConjRed_Bin4_Sample1.mp4,2Among5ConjRed,4.0,1.0,0.0,new_generation,0.0,0.0,0.0,1.0,0.0,0.0,1.0,0.0,0.0,0.0,0.0,0.0,0.0,0.0,0.0,0.0,0.0,2.0,0.0,1.0,1.0,0.0,,DK_01,2026-04-02T15:36:23.174Z,,,,,,,,,,,,,,,,,,,,,,,,,,,,,,,,
55,55,2Among5ConjRed_Bin4_Sample2.mp4,2Among5ConjRed,4,2,0,new_generation,0,0,0,1,1,1,1,1,1,1,0,0,0,0,0,0,0,7,0,3,4,0,,ER_01,2026-03-31T10:23:54.183Z,,,,,,,,,,,,,,,,,,,,,,,,,,,,,,,,,,,,,,,,,,,,,,,,,,,,,,,,,,,,,,,,
56,56,2Among5ConjRed_Bin4_Sample3.mp4,2Among5ConjRed,4,3,0,new_generation,0,0,0,1,1,1,1,1,1,1,0,1,0,0,0,1,0,9,0,3,5,1,wrong new target generated (first 5),ER_01,2026-03-31T10:25:46.033Z,17.0,2Among5ConjRed_Bin4_Sample3.mp4,2Among5ConjRed,4.0,3.0,0.0,location,0.0,0.0,0.0,0.0,0.0,1.0,1.0,0.0,0.0,0.0,1.0,0.0,1.0,1.0,0.0,0.0,0.0,5.0,0.0,1.0,4.0,0.0,,DK_01,2026-04-02T15:38:25.207Z,,,,,,,,,,,,,,,,,,,,,,,,,,,,,,,,
57,57,2Among5ConjRed_Bin4_Sample4.mp4,2Among5ConjRed,4,4,0,new_generation,0,0,0,1,0,1,1,1,1,1,0,0,1,0,0,0,0,7,0,2,5,0,,ER_01,2026-03-31T10:26:49.833Z,,,,,,,,,,,,,,,,,,,,,,,,,,,,,,,,,,,,,,,,,,,,,,,,,,,,,,,,,,,,,,,,
58,58,2Among5ConjRed_Bin4_Sample5.mp4,2Among5ConjRed,4,5,0,new_generation,0,0,0,1,1,1,0,1,1,1,0,0,0,0,0,0,0,6,0,3,3,0,,ER_01,2026-03-31T10:27:29.616Z,18.0,2Among5ConjRed_Bin4_Sample5.mp4,2Among5ConjRed,4.0,5.0,0.0,new_generation,0.0,0.0,0.0,1.0,0.0,1.0,0.0,0.0,0.0,1.0,0.0,0.0,0.0,0.0,0.0,0.0,0.0,3.0,0.0,2.0,1.0,0.0,,DK_01,2026-04-02T15:39:23.889Z,,,,,,,,,,,,,,,,,,,,,,,,,,,,,,,,
59,59,2Among5ConjRed_Bin4_Sample6.mp4,2Among5ConjRed,4,6,0,location,0,0,0,1,1,1,1,0,0,0,0,0,0,0,0,0,0,4,0,3,1,0,,ER_01,2026-03-31T10:29:02.289Z,,,,,,,,,,,,,,,,,,,,,,,,,,,,,,,,,,,,,,,,,,,,,,,,,,,,,,,,,,,,,,,,
60,60,2Among5ConjRed_Bin5_Sample1.mp4,2Among5ConjRed,5,1,0,new_generation,0,0,0,1,0,0,0,0,0,0,0,0,0,0,0,0,0,1,0,1,0,0,,ER_01,2026-03-31T10:29:39.831Z,,,,,,,,,,,,,,,,,,,,,,,,,,,,,,,,,,,,,,,,,,,,,,,,,,,,,,,,,,,,,,,,
61,61,2Among5ConjRed_Bin5_Sample2.mp4,2Among5ConjRed,5,2,0,new_generation,0,0,0,0,0,0,0,0,0,1,0,0,1,0,0,0,0,2,0,0,2,0,,ER_01,2026-03-31T10:30:15.687Z,,,,,,,,,,,,,,,,,,,,,,,,,,,,,,,,,,,,,,,,,,,,,,,,,,,,,,,,,,,,,,,,
62,62,2Among5ConjRed_Bin5_Sample3.mp4,2Among5ConjRed,5,3,0,new_generation,0,0,0,1,1,1,1,0,0,1,0,0,0,0,0,0,0,5,0,3,2,0,,ER_01,2026-03-31T10:30:55.743Z,19.0,2Among5ConjRed_Bin5_Sample3.mp4,2Among5ConjRed,5.0,3.0,0.0,new_generation,0.0,0.0,0.0,1.0,0.0,1.0,1.0,0.0,0.0,1.0,0.0,0.0,1.0,0.0,0.0,0.0,0.0,5.0,0.0,2.0,3.0,0.0,,DK_01,2026-04-02T15:40:15.888Z,,,,,,,,,,,,,,,,,,,,,,,,,,,,,,,,
63,63,2Among5ConjRed_Bin5_Sample4.mp4,2Among5ConjRed,5,4,0,new_generation,0,0,0,1,0,0,1,0,1,1,0,0,0,0,0,0,0,4,0,1,3,0,,ER_01,2026-03-31T10:31:28.550Z,20.0,2Among5ConjRed_Bin5_Sample4.mp4,2Among5ConjRed,5.0,4.0,0.0,new_generation,0.0,0.0,0.0,1.0,0.0,1.0,1.0,0.0,0.0,1.0,0.0,0.0,0.0,0.0,0.0,0.0,0.0,4.0,0.0,2.0,2.0,0.0,,DK_01,2026-04-02T15:41:37.672Z,,,,,,,,,,,,,,,,,,,,,,,,,,,,,,,,
64,64,2Among5ConjRed_Bin5_Sample5.mp4,2Among5ConjRed,5,5,0,new_generation,0,0,0,1,1,1,1,1,0,1,0,0,1,0,0,0,1,8,0,3,4,1,,ER_01,2026-03-31T10:32:17.903Z,,,,,,,,,,,,,,,,,,,,,,,,,,,,,,,,,,,,,,,,,,,,,,,,,,,,,,,,,,,,,,,,
65,65,2Among5ConjRed_Bin5_Sample6.mp4,2Among5ConjRed,5,6,0,new_generation,0,0,1,0,0,0,1,1,0,1,0,1,0,0,0,0,1,6,1,0,4,1,,ER_01,2026-03-31T10:33:21.902Z,,,,,,,,,,,,,,,,,,,,,,,,,,,,,,,,,,,,,,,,,,,,,,,,,,,,,,,,,,,,,,,,
66,66,2Among5ConjRed_Bin6_Sample1.mp4,2Among5ConjRed,6,1,0,new_generation,0,0,0,1,0,0,1,0,1,1,0,1,1,0,0,0,0,6,0,1,5,0,,ER_01,2026-03-31T10:35:16.583Z,,,,,,,,,,,,,,,,,,,,,,,,,,,,,,,,,,,,,,,,,,,,,,,,,,,,,,,,,,,,,,,,
67,67,2Among5ConjRed_Bin6_Sample2.mp4,2Among5ConjRed,6,2,0,new_generation,0,0,0,0,0,0,1,0,1,0,0,0,1,0,0,0,0,3,0,0,3,0,,ER_01,2026-03-31T10:35:58.776Z,21.0,2Among5ConjRed_Bin6_Sample2.mp4,2Among5ConjRed,6.0,2.0,0.0,new_generation,0.0,0.0,0.0,1.0,0.0,1.0,1.0,0.0,0.0,1.0,0.0,0.0,1.0,0.0,0.0,0.0,0.0,5.0,0.0,2.0,3.0,0.0,,DK_01,2026-04-02T15:42:41.937Z,,,,,,,,,,,,,,,,,,,,,,,,,,,,,,,,
68,68,2Among5ConjRed_Bin6_Sample3.mp4,2Among5ConjRed,6,3,0,new_generation,0,0,1,1,0,0,1,1,1,1,0,0,0,0,0,0,0,6,1,1,4,0,,ER_01,2026-03-31T10:37:12.406Z,,,,,,,,,,,,,,,,,,,,,,,,,,,,,,,,,,,,,,,,,,,,,,,,,,,,,,,,,,,,,,,,
69,69,2Among5ConjRed_Bin6_Sample4.mp4,2Among5ConjRed,6,4,0,new_generation,0,0,0,1,0,0,1,0,1,1,0,0,0,0,0,0,0,4,0,1,3,0,,ER_01,2026-03-31T10:38:48.204Z,22.0,2Among5ConjRed_Bin6_Sample4.mp4,2Among5ConjRed,6.0,4.0,0.0,new_generation,0.0,0.0,0.0,1.0,0.0,0.0,1.0,0.0,0.0,0.0,0.0,0.0,0.0,0.0,0.0,0.0,0.0,2.0,0.0,1.0,1.0,0.0,,DK_01,2026-04-02T15:43:25.356Z,,,,,,,,,,,,,,,,,,,,,,,,,,,,,,,,
70,70,2Among5ConjRed_Bin6_Sample5.mp4,2Among5ConjRed,6,5,0,new_generation,0,0,0,1,0,0,1,0,1,1,0,0,0,0,0,0,0,4,0,1,3,0,,ER_01,2026-03-31T10:38:48.916Z,,,,,,,,,,,,,,,,,,,,,,,,,,,,,,,,,,,,,,,,,,,,,,,,,,,,,,,,,,,,,,,,
71,71,2Among5ConjRed_Bin6_Sample6.mp4,2Among5ConjRed,6,6,0,new_generation,0,0,0,1,0,0,1,1,1,1,0,0,0,0,0,0,0,5,0,1,4,0,,ER_01,2026-03-31T10:39:14.157Z,,,,,,,,,,,,,,,,,,,,,,,,,,,,,,,,,,,,,,,,,,,,,,,,,,,,,,,,,,,,,,,,
72,72,2Among5NoColour_Bin1_Sample1.mp4,2Among5NoColour,1,1,1,,0,0,0,0,0,1,1,1,0,1,1,0,0,0,0,0,0,5,0,1,4,0,,ER_01,2026-03-31T10:39:54.780Z,,,,,,,,,,,,,,,,,,,,,,,,,,,,,,,,,,,,,,,,,,,,,,,,,,,,,,,,,,,,,,,,
73,73,2Among5NoColour_Bin1_Sample2.mp4,2Among5NoColour,1,2,1,,0,0,1,0,1,0,1,1,1,1,1,1,0,1,0,0,1,10,1,1,7,1,,ER_01,2026-03-31T10:41:22.436Z,23.0,2Among5NoColour_Bin1_Sample2.mp4,2Among5NoColour,1.0,2.0,0.0,new_generation,0.0,0.0,0.0,0.0,0.0,0.0,1.0,0.0,0.0,1.0,0.0,0.0,0.0,1.0,1.0,0.0,0.0,4.0,0.0,0.0,3.0,1.0,hmmm...,DK_01,2026-04-02T15:44:56.970Z,,,,,,,,,,,,,,,,,,,,,,,,,,,,,,,,
74,74,2Among5NoColour_Bin1_Sample3.mp4,2Among5NoColour,1,3,1,,0,0,0,0,0,0,1,1,0,1,1,0,0,0,0,0,0,4,0,0,4,0,,ER_01,2026-03-31T10:41:59.691Z,,,,,,,,,,,,,,,,,,,,,,,,,,,,,,,,,,,,,,,,,,,,,,,,,,,,,,,,,,,,,,,,
75,75,2Among5NoColour_Bin1_Sample4.mp4,2Among5NoColour,1,4,0,ambiguity,0,0,0,1,0,0,1,0,0,1,0,0,0,0,0,0,0,3,0,1,2,0,,ER_01,2026-03-31T10:42:56.540Z,24.0,2Among5NoColour_Bin1_Sample4.mp4,2Among5NoColour,1.0,4.0,0.0,new_generation,0.0,0.0,1.0,1.0,0.0,0.0,1.0,0.0,0.0,0.0,1.0,0.0,0.0,0.0,0.0,0.0,0.0,4.0,1.0,1.0,2.0,0.0,,DK_01,2026-04-02T15:46:16.985Z,13.0,2Among5NoColour_Bin1_Sample4.mp4,2Among5NoColour,1.0,4.0,0.0,new_generation,1.0,0.0,0.0,1.0,0.0,1.0,0.0,0.0,0.0,1.0,0.0,0.0,0.0,0.0,0.0,0.0,0.0,4.0,1.0,2.0,1.0,0.0,,FR_01,2026-04-05T19:36:28.781Z
76,76,2Among5NoColour_Bin1_Sample5.mp4,2Among5NoColour,1,5,1,,0,0,0,0,0,0,1,1,0,1,1,0,0,0,0,0,0,4,0,0,4,0,,ER_01,2026-03-31T10:43:10.948Z,25.0,2Among5NoColour_Bin1_Sample5.mp4,2Among5NoColour,1.0,5.0,1.0,,0.0,0.0,0.0,0.0,0.0,0.0,1.0,1.0,0.0,1.0,1.0,0.0,0.0,0.0,0.0,0.0,0.0,4.0,0.0,0.0,4.0,0.0,,DK_01,2026-04-02T15:47:10.919Z,,,,,,,,,,,,,,,,,,,,,,,,,,,,,,,,
77,77,2Among5NoColour_Bin1_Sample6.mp4,2Among5NoColour,1,6,0,new_generation,0,0,0,1,0,1,1,0,1,1,0,1,1,0,0,0,1,8,0,2,5,1,,ER_01,2026-03-31T10:43:54.931Z,,,,,,,,,,,,,,,,,,,,,,,,,,,,,,,,,,,,,,,,,,,,,,,,,,,,,,,,,,,,,,,,
78,78,2Among5NoColour_Bin2_Sample1.mp4,2Among5NoColour,2,1,0,new_generation,0,0,0,1,0,1,1,0,0,1,0,0,0,0,0,0,0,4,0,2,2,0,,ER_01,2026-03-31T10:44:26.818Z,,,,,,,,,,,,,,,,,,,,,,,,,,,,,,,,,,,,,,,,,,,,,,,,,,,,,,,,,,,,,,,,
79,79,2Among5NoColour_Bin2_Sample2.mp4,2Among5NoColour,2,2,0,new_generation,0,0,0,0,0,1,1,0,1,1,1,0,0,0,0,0,0,5,0,1,4,0,,ER_01,2026-03-31T10:45:13.460Z,26.0,2Among5NoColour_Bin2_Sample2.mp4,2Among5NoColour,2.0,2.0,0.0,new_generation,0.0,0.0,0.0,1.0,0.0,1.0,0.0,0.0,0.0,1.0,0.0,0.0,0.0,0.0,0.0,0.0,0.0,3.0,0.0,2.0,1.0,0.0,,DK_01,2026-04-02T15:48:00.392Z,,,,,,,,,,,,,,,,,,,,,,,,,,,,,,,,
80,80,2Among5NoColour_Bin2_Sample3.mp4,2Among5NoColour,2,3,0,new_generation,0,0,0,0,0,1,1,0,1,1,0,0,1,1,0,0,0,6,0,1,5,0,,ER_01,2026-03-31T10:46:21.064Z,27.0,2Among5NoColour_Bin2_Sample3.mp4,2Among5NoColour,2.0,3.0,0.0,new_generation,0.0,0.0,1.0,1.0,0.0,1.0,1.0,1.0,1.0,1.0,0.0,0.0,1.0,0.0,0.0,0.0,0.0,8.0,1.0,2.0,5.0,0.0,,DK_01,2026-04-02T15:48:59.568Z,,,,,,,,,,,,,,,,,,,,,,,,,,,,,,,,
81,81,2Among5NoColour_Bin2_Sample4.mp4,2Among5NoColour,2,4,0,new_generation,0,0,1,1,0,1,1,0,1,1,1,1,0,0,0,0,1,9,1,2,5,1,,ER_01,2026-03-31T10:47:21.347Z,,,,,,,,,,,,,,,,,,,,,,,,,,,,,,,,,,,,,,,,,,,,,,,,,,,,,,,,,,,,,,,,
82,82,2Among5NoColour_Bin2_Sample5.mp4,2Among5NoColour,2,5,0,new_generation,0,0,0,1,0,1,1,0,1,1,0,0,0,0,0,0,0,5,0,2,3,0,,ER_01,2026-03-31T10:47:44.706Z,,,,,,,,,,,,,,,,,,,,,,,,,,,,,,,,,,,,,,,,,,,,,,,,,,,,,,,,,,,,,,,,
83,83,2Among5NoColour_Bin2_Sample6.mp4,2Among5NoColour,2,6,0,location,0,0,1,1,0,1,1,1,0,1,0,1,1,0,1,0,1,10,1,2,5,2,,ER_01,2026-03-31T10:49:44.049Z,,,,,,,,,,,,,,,,,,,,,,,,,,,,,,,,,,,,,,,,,,,,,,,,,,,,,,,,,,,,,,,,
84,84,2Among5NoColour_Bin3_Sample1.mp4,2Among5NoColour,3,1,0,new_generation,0,0,0,1,0,1,1,0,0,1,0,1,1,0,0,0,1,7,0,2,4,1,,ER_01,2026-03-31T10:51:18.961Z,28.0,2Among5NoColour_Bin3_Sample1.mp4,2Among5NoColour,3.0,1.0,0.0,new_generation,0.0,0.0,1.0,1.0,0.0,1.0,1.0,0.0,1.0,1.0,0.0,0.0,0.0,0.0,0.0,0.0,0.0,6.0,1.0,2.0,3.0,0.0,,DK_01,2026-04-02T15:50:51.384Z,,,,,,,,,,,,,,,,,,,,,,,,,,,,,,,,
85,85,2Among5NoColour_Bin3_Sample2.mp4,2Among5NoColour,3,2,0,new_generation,0,0,0,1,0,1,1,0,0,1,0,0,1,1,0,0,0,6,0,2,4,0,,ER_01,2026-03-31T10:52:19.609Z,,,,,,,,,,,,,,,,,,,,,,,,,,,,,,,,,,,,,,,,,,,,,,,,,,,,,,,,,,,,,,,,
86,86,2Among5NoColour_Bin3_Sample3.mp4,2Among5NoColour,3,3,0,new_generation,0,0,0,1,0,1,1,0,0,1,0,1,1,1,0,0,0,7,0,2,5,0,,ER_01,2026-03-31T10:53:12.408Z,,,,,,,,,,,,,,,,,,,,,,,,,,,,,,,,,,,,,,,,,,,,,,,,,,,,,,,,,,,,,,,,
87,87,2Among5NoColour_Bin3_Sample4.mp4,2Among5NoColour,3,4,0,new_generation,0,0,0,1,1,1,1,0,0,1,0,0,0,0,0,0,0,5,0,3,2,0,,ER_01,2026-03-31T10:53:47.616Z,29.0,2Among5NoColour_Bin3_Sample4.mp4,2Among5NoColour,3.0,4.0,0.0,new_generation,0.0,0.0,0.0,1.0,0.0,1.0,1.0,0.0,0.0,1.0,0.0,0.0,0.0,0.0,0.0,0.0,0.0,4.0,0.0,2.0,2.0,0.0,,DK_01,2026-04-02T15:51:25.684Z,,,,,,,,,,,,,,,,,,,,,,,,,,,,,,,,
88,88,2Among5NoColour_Bin3_Sample5.mp4,2Among5NoColour,3,5,0,new_generation,0,0,0,1,0,1,1,0,0,1,0,0,0,0,0,0,0,4,0,2,2,0,,ER_01,2026-03-31T10:54:18.295Z,,,,,,,,,,,,,,,,,,,,,,,,,,,,,,,,,,,,,,,,,,,,,,,,,,,,,,,,,,,,,,,,
89,89,2Among5NoColour_Bin3_Sample6.mp4,2Among5NoColour,3,6,1,,0,0,0,0,0,1,0,0,0,0,0,0,0,0,0,0,0,1,0,1,0,0,,ER_01,2026-03-31T10:54:36.048Z,30.0,2Among5NoColour_Bin3_Sample6.mp4,2Among5NoColour,3.0,6.0,1.0,,0.0,0.0,0.0,0.0,0.0,1.0,0.0,0.0,0.0,0.0,0.0,0.0,0.0,0.0,0.0,0.0,0.0,1.0,0.0,1.0,0.0,0.0,,DK_01,2026-04-02T15:52:18.223Z,,,,,,,,,,,,,,,,,,,,,,,,,,,,,,,,
90,90,2Among5NoColour_Bin4_Sample1.mp4,2Among5NoColour,4,1,0,new_generation,0,0,0,0,0,0,1,0,0,1,0,0,0,0,1,0,0,3,0,0,2,1,,ER_01,2026-03-31T10:55:15.416Z,,,,,,,,,,,,,,,,,,,,,,,,,,,,,,,,,,,,,,,,,,,,,,,,,,,,,,,,,,,,,,,,
91,91,2Among5NoColour_Bin4_Sample2.mp4,2Among5NoColour,4,2,0,new_generation,0,0,0,1,0,1,1,0,0,1,0,0,0,0,0,0,0,4,0,2,2,0,,ER_01,2026-03-31T10:55:55.751Z,31.0,2Among5NoColour_Bin4_Sample2.mp4,2Among5NoColour,4.0,2.0,0.0,new_generation,0.0,0.0,0.0,1.0,0.0,1.0,1.0,0.0,0.0,1.0,0.0,0.0,0.0,0.0,0.0,0.0,0.0,4.0,0.0,2.0,2.0,0.0,,DK_01,2026-04-02T15:52:55.800Z,,,,,,,,,,,,,,,,,,,,,,,,,,,,,,,,
92,92,2Among5NoColour_Bin4_Sample3.mp4,2Among5NoColour,4,3,0,new_generation,0,0,0,0,0,0,1,0,1,1,0,0,0,0,0,0,0,3,0,0,3,0,,ER_01,2026-03-31T10:56:14.846Z,,,,,,,,,,,,,,,,,,,,,,,,,,,,,,,,,,,,,,,,,,,,,,,,,,,,,,,,,,,,,,,,
93,93,2Among5NoColour_Bin4_Sample4.mp4,2Among5NoColour,4,4,0,new_generation,0,0,0,1,0,1,1,0,1,1,0,1,1,1,0,0,0,8,0,2,6,0,,ER_01,2026-03-31T10:57:10.152Z,,,,,,,,,,,,,,,,,,,,,,,,,,,,,,,,,,,,,,,,,,,,,,,,,,,,,,,,,,,,,,,,
94,94,2Among5NoColour_Bin4_Sample5.mp4,2Among5NoColour,4,5,0,ambiguity,0,0,0,0,0,0,1,1,0,0,0,0,0,0,0,0,0,2,0,0,2,0,,ER_01,2026-03-31T10:57:53.774Z,,,,,,,,,,,,,,,,,,,,,,,,,,,,,,,,,14.0,2Among5NoColour_Bin4_Sample5.mp4,2Among5NoColour,4.0,5.0,0.0,ambiguity,1.0,0.0,0.0,0.0,0.0,0.0,1.0,0.0,0.0,1.0,0.0,0.0,0.0,0.0,0.0,0.0,0.0,3.0,1.0,0.0,2.0,0.0,,FR_01,2026-04-05T19:29:52.036Z
95,95,2Among5NoColour_Bin4_Sample6.mp4,2Among5NoColour,4,6,0,new_generation,0,0,0,1,0,1,1,1,1,1,0,0,1,0,0,0,0,7,0,2,5,0,,ER_01,2026-03-31T10:59:01.014Z,32.0,2Among5NoColour_Bin4_Sample6.mp4,2Among5NoColour,4.0,6.0,0.0,new_generation,0.0,0.0,0.0,1.0,0.0,1.0,1.0,1.0,0.0,1.0,0.0,0.0,1.0,0.0,0.0,0.0,0.0,6.0,0.0,2.0,4.0,0.0,,DK_01,2026-04-02T15:53:32.500Z,,,,,,,,,,,,,,,,,,,,,,,,,,,,,,,,
96,96,2Among5NoColour_Bin5_Sample1.mp4,2Among5NoColour,5,1,0,new_generation,0,0,0,1,0,0,1,0,0,1,0,0,1,0,0,1,0,5,0,1,3,1,,ER_01,2026-03-31T10:59:43.052Z,,,,,,,,,,,,,,,,,,,,,,,,,,,,,,,,,,,,,,,,,,,,,,,,,,,,,,,,,,,,,,,,
97,97,2Among5NoColour_Bin5_Sample2.mp4,2Among5NoColour,5,2,0,new_generation,0,0,0,1,0,0,1,0,0,1,0,1,1,0,0,0,0,5,0,1,4,0,,ER_01,2026-03-31T11:01:00.696Z,,,,,,,,,,,,,,,,,,,,,,,,,,,,,,,,,,,,,,,,,,,,,,,,,,,,,,,,,,,,,,,,
98,98,2Among5NoColour_Bin5_Sample3.mp4,2Among5NoColour,5,3,0,new_generation,0,0,1,0,0,0,1,0,0,1,0,1,1,0,0,0,1,6,1,0,4,1,,ER_01,2026-03-31T11:01:37.772Z,,,,,,,,,,,,,,,,,,,,,,,,,,,,,,,,,,,,,,,,,,,,,,,,,,,,,,,,,,,,,,,,
99,99,2Among5NoColour_Bin5_Sample4.mp4,2Among5NoColour,5,4,0,new_generation,0,0,0,1,0,0,1,1,0,1,0,0,0,0,0,0,0,4,0,1,3,0,,ER_01,2026-03-31T11:02:11.077Z,33.0,2Among5NoColour_Bin5_Sample4.mp4,2Among5NoColour,5.0,4.0,0.0,location,0.0,0.0,0.0,0.0,0.0,0.0,1.0,1.0,0.0,1.0,0.0,0.0,0.0,1.0,1.0,0.0,0.0,5.0,0.0,0.0,4.0,1.0,,DK_01,2026-04-02T15:54:55.233Z,,,,,,,,,,,,,,,,,,,,,,,,,,,,,,,,
100,100,2Among5NoColour_Bin5_Sample5.mp4,2Among5NoColour,5,5,0,new_generation,0,0,0,1,0,0,1,0,0,1,0,0,0,0,0,0,0,3,0,1,2,0,,ER_01,2026-03-31T11:02:30.335Z,,,,,,,,,,,,,,,,,,,,,,,,,,,,,,,,,,,,,,,,,,,,,,,,,,,,,,,,,,,,,,,,
101,101,2Among5NoColour_Bin5_Sample6.mp4,2Among5NoColour,5,6,0,new_generation,0,0,0,0,0,0,1,1,0,1,0,0,0,0,0,0,0,3,0,0,3,0,,ER_01,2026-03-31T11:05:37.173Z,,,,,,,,,,,,,,,,,,,,,,,,,,,,,,,,,,,,,,,,,,,,,,,,,,,,,,,,,,,,,,,,
102,102,2Among5NoColour_Bin6_Sample1.mp4,2Among5NoColour,6,1,0,new_generation,0,0,0,1,0,0,1,0,0,1,0,1,0,0,0,0,0,4,0,1,3,0,,ER_01,2026-03-31T11:09:59.219Z,,,,,,,,,,,,,,,,,,,,,,,,,,,,,,,,,,,,,,,,,,,,,,,,,,,,,,,,,,,,,,,,
103,103,2Among5NoColour_Bin6_Sample2.mp4,2Among5NoColour,6,2,0,new_generation,0,0,1,1,0,0,1,0,1,1,0,0,1,0,0,0,0,6,1,1,4,0,,ER_01,2026-03-31T11:11:57.875Z,,,,,,,,,,,,,,,,,,,,,,,,,,,,,,,,,,,,,,,,,,,,,,,,,,,,,,,,,,,,,,,,
104,104,2Among5NoColour_Bin6_Sample3.mp4,2Among5NoColour,6,3,0,new_generation,0,0,0,1,0,0,1,0,0,1,0,1,1,0,0,0,0,5,0,1,4,0,,ER_01,2026-03-31T11:12:23.796Z,34.0,2Among5NoColour_Bin6_Sample3.mp4,2Among5NoColour,6.0,3.0,0.0,new_generation,0.0,0.0,0.0,1.0,0.0,1.0,1.0,0.0,0.0,1.0,0.0,0.0,1.0,0.0,0.0,0.0,0.0,5.0,0.0,2.0,3.0,0.0,,DK_01,2026-04-02T15:55:47.532Z,,,,,,,,,,,,,,,,,,,,,,,,,,,,,,,,
105,105,2Among5NoColour_Bin6_Sample4.mp4,2Among5NoColour,6,4,0,new_generation,0,0,0,1,0,0,1,0,1,1,0,0,0,0,0,0,1,5,0,1,3,1,,ER_01,2026-03-31T11:12:57.123Z,35.0,2Among5NoColour_Bin6_Sample4.mp4,2Among5NoColour,6.0,4.0,0.0,new_generation,0.0,0.0,0.0,1.0,0.0,0.0,1.0,0.0,0.0,1.0,0.0,0.0,0.0,1.0,0.0,0.0,0.0,4.0,0.0,1.0,3.0,0.0,,DK_01,2026-04-02T15:57:40.481Z,,,,,,,,,,,,,,,,,,,,,,,,,,,,,,,,
106,106,2Among5NoColour_Bin6_Sample5.mp4,2Among5NoColour,6,5,0,new_generation,0,0,0,1,0,0,1,0,1,1,0,0,0,0,0,0,0,4,0,1,3,0,,ER_01,2026-03-31T11:13:43.154Z,,,,,,,,,,,,,,,,,,,,,,,,,,,,,,,,,,,,,,,,,,,,,,,,,,,,,,,,,,,,,,,,
107,107,2Among5NoColour_Bin6_Sample6.mp4,2Among5NoColour,6,6,0,new_generation,0,0,0,1,0,0,1,0,1,1,0,1,0,0,0,0,0,5,0,1,4,0,,ER_01,2026-03-31T11:14:36.107Z,,,,,,,,,,,,,,,,,,,,,,,,,,,,,,,,,,,,,,,,,,,,,,,,,,,,,,,,,,,,,,,,
108,108,NoDistractors_Bin0_Sample1.mp4,NoDistractors,0,1,1,,0,0,0,0,0,0,1,1,0,1,0,0,0,0,0,0,0,3,0,0,3,0,,ER_01,2026-03-31T11:16:09.104Z,,,,,,,,,,,,,,,,,,,,,,,,,,,,,,,,,,,,,,,,,,,,,,,,,,,,,,,,,,,,,,,,
109,109,NoDistractors_Bin0_Sample2.mp4,NoDistractors,0,2,1,,0,0,0,0,0,0,1,1,0,0,0,0,0,0,0,0,0,2,0,0,2,0,,ER_01,2026-03-31T11:16:12.487Z,,,,,,,,,,,,,,,,,,,,,,,,,,,,,,,,,,,,,,,,,,,,,,,,,,,,,,,,,,,,,,,,
110,110,NoDistractors_Bin0_Sample3.mp4,NoDistractors,0,3,1,,0,0,0,0,0,0,1,1,0,0,0,0,0,0,0,0,0,2,0,0,2,0,,ER_01,2026-03-31T11:16:25.368Z,,,,,,,,,,,,,,,,,,,,,,,,,,,,,,,,,,,,,,,,,,,,,,,,,,,,,,,,,,,,,,,,
111,111,NoDistractors_Bin0_Sample4.mp4,NoDistractors,0,4,1,,0,0,0,0,0,0,1,1,0,1,0,0,0,0,0,0,0,3,0,0,3,0,,ER_01,2026-03-31T11:16:39.648Z,,,,,,,,,,,,,,,,,,,,,,,,,,,,,,,,,,,,,,,,,,,,,,,,,,,,,,,,,,,,,,,,
112,112,NoDistractors_Bin0_Sample5.mp4,NoDistractors,0,5,1,,0,0,0,0,0,0,1,1,0,1,0,1,0,0,0,0,0,4,0,0,4,0,,ER_01,2026-03-31T11:16:54.396Z,,,,,,,,,,,,,,,,,,,,,,,,,,,,,,,,,,,,,,,,,,,,,,,,,,,,,,,,,,,,,,,,
113,113,NoDistractors_Bin0_Sample6.mp4,NoDistractors,0,6,1,,0,0,0,0,0,0,1,1,0,0,0,0,0,0,0,0,0,2,0,0,2,0,,ER_01,2026-03-31T11:17:05.680Z,,,,,,,,,,,,,,,,,,,,,,,,,,,,,,,,,,,,,,,,,,,,,,,,,,,,,,,,,,,,,,,,
